Workbook

Sheet SWiSH Demand Forecast Sep-26
A1: Date | B1: Branch | C1: Recipe group | D1: Component | E1: Type | F1: Unit | G1: Forecast qty
C2: Shaker Final Food Recipes | D2: Shawarma Bread OSF | E2: PREP | F2: Each | G2: 293789
C3: T.Final Food Recipe | D3: Tabel Bread | E3: RAW | F3: Each | G3: 208463.85
C4: BBT Final Food Recipe | D4: Kids Fries Sleeves BBT Food Board 250gsm | E4: RAW | F4: Each | G4: 172724
C5: BBT Final Food Recipe | D5: Marinated BBT Chicken tender (PA) | E5: PA | F5: Each | G5: 169049
C6: BBT Final Food Recipe | D6: Wrapping Sheet BBT 30 X 30 | E6: RAW | F6: Each | G6: 132630
C7: Yelo Pizza Finished Product | D7: Hoagie Bread | E7: PREP | F7: Each | G7: 120901
C8: MM-Final Food Recipe | D8: Mishmash Mauve Printed Sheet (25*35) Small Size | E8: RAW | F8: Each | G8: 115928
C9: BBT Final Food Recipe | D9: Fillaaa on Toast | E9: PREP | F9: Each | G9: 111577
C10: T.Final Food Recipe | D10: 2 Oz Clear Souffle Cup W/Lid | E10: RAW | F10: Each | G10: 110232
C11: Shaker Final Food Recipes | D11: S/W Jacket 4x7x28cm Chicken - Shakir | E11: RAW | F11: Each | G11: 101378
C12: Shaker Final Food Recipes | D12: Sandwich Jacket 4x7x28cm - Beef shakir | E12: RAW | F12: Each | G12: 101117
C13: BBT Final Food Recipe | D13: Combo Box BBT Currugated KBC225565 | E13: RAW | F13: Each | G13: 99699
... C2547: BBT Final Food Recipe | D2547: Onion Slab BBT (PA) | E2547: PA | F2547: Kilogram | G2547: -13.668

Sheet SPS
A1: Code | B1: ITEM DESCRIPTION | C1: BASE UNIT | D1: IS ACTIVE | E1: Designation | F1: SubCAT | G1: Current WHS ID | H1: ITEM GROUP | I1: STORAGE TYPE | J1: PURCH UNIT | K1: CURRENT STOCK WAC | L1: TOTAL WAC MTD | M1: LEAD TIME | N1: open delivery note | O1: TRF OUT Delivered & Declined | P1: CURRENT STOCK | Q1: Actual SOH | R1: Last PP | S1: Last PD | T1: Last TR | U1: 46113 | V1: 46143 | W1: 46174 | X1: 46204 | Y1: MIN | Z1: MAX | AA1: AVG TRANSFER OUT | AB1: WEIGHT MIN | AC1: WEIGHT MAX | AD1: DAYS TO LAST (DTL) | AE1: ReqDate | AF1: ReceinvgDate | AG1: OOS DATE | AH1: CURRENT MONTH - MTD TRANSFER | AI1: MTD XTRAPOL % vs. AVG TRANSFER | AJ1: MTD DAYS TO LAST | AK1: MTD OOS | AL1: Target Cover | AM1: SS | AN1: MinOOS DTL | AO1: QTY MTD | AP1: Delivery Freq | AQ1: PIPELINE PENDNG PO | AR1: last Supplier Name | AS1: Status | AT1: Sep-26 FRCst QTY
A2: 103700129 | B2: Turmeric Powder | C2: Kilogram | D2: Active | E2: CPU, Staff Meal, ERMG CK, FM | F2: Spices & Nuts | G2: MAIN WAREHOUSE (FDC) | H2: H/C -Powder | I2: DRY-FOOD | J2: Kilogram | K2: 1.35 | L2: -2.7 | M2: 3 | N2: 0 | O2: 0 | P2: -2 | Q2: -2 | R2: 1.35 | S2: 46251 | T2: 46263 | U2: 7 | V2: 10 | W2: 2 | X2: 6 | Y2: 2 | Z2: 10 | AA2: 6.25 | AB2: 0.32 | AC2: 1.6 | AD2: -6 | AE2: 46242 | AF2: 46250 | AG2: 46257 | AH2: 15 | AI2: 1.5517241 | AJ2: -3 | AK2: 46260 | AL2: 30 | AM2: 15 | AN2: -6 | AO2: 15.517241 | AP2: 1 | AQ2: No QTY | AR2: NO Supplier | AT2: =_xlfn.XLOOKUP(B2,'SWiSH Demand Forecast Sep-26'!D:D,'SWiSH Demand Forecast Sep-26'!G:G,"Not Exist") -> 0.71001
A3: 101200063 | B3: Cottage Cheese Light | C3: Kilogram | D3: Active | E3: Swish Bakery | F3: FRESH | G3: Al MANSOUR WAREHOUSE (PNFDC) | H3: Cheese | I3: CHILLED FOOD | J3: Kilogram | K3: 5.5128968 | L3: 2.7564484 | M3: 3 | N3: 0 | O3: 0 | P3: 0.5 | Q3: 0.5 | R3: 0.95 | S3: 46261 | T3: 46261 | U3: 0 | V3: 193.325 | W3: 69.74 | X3: 83.48 | Y3: 0 | Z3: 193.325 | AA3: 86.63625 | AB3: 0 | AC3: 2.2314562 | AD3: 0 | AE3: 46248 | AF3: 46256 | AG3: 46263 | AH3: 163.58 | AI3: 0.87531716 | AJ3: 0 | AK3: 46263 | AL3: 30 | AM3: 15 | AN3: 0 | AO3: 169.22069 | AP3: 1 | AQ3: 500 | AR3: Petra Food Manufacturing Co , Kuwait Dairy Company KDCow | AT3: =_xlfn.XLOOKUP(B3,'SWiSH Demand Forecast Sep-26'!D:D,'SWiSH Demand Forecast Sep-26'!G:G,"Not Exist") -> Not Exist
A4: 104200028 | B4: Garbage Bag Clear 90X120 | C4: Kilogram | D4: To Be Deactivated | E4: MM, Tabel | F4: CON | G4: Warehouse Common Al Mansour | H4: Kit/Consumable | I4: DRY-NON FOOD | J4: #N/A | K4: 0.7 | L4: 0 | M4: 3 | N4: 0 | O4: 0 | P4: 0 | Q4: 0 | R4: 0 | S4: 43647 | T4: 46231 | U4: 20 | V4: 0 | W4: 0 | X4: 0 | Y4: 0 | Z4: 20 | AA4: 5 | AB4: 0 | AC4: 4 | AD4: 0 | AE4: 46248 | AF4: 46256 | AG4: 46263 | AH4: 0 | AI4: 0 | AL4: NoNeed | AM4: NoNeed | AN4: 0 | AP4: NoNeed | AQ4: No QTY | AR4: NO Supplier | AT4: =_xlfn.XLOOKUP(B4,'SWiSH Demand Forecast Sep-26'!D:D,'SWiSH Demand Forecast Sep-26'!G:G,"Not Exist") -> Not Exist
A5: 100900064 | B5: Mountain Dew Can 150 ML | C5: Each | D5: To Be Deactivated | E5: BBT | F5: BEV | G5: MAIN WAREHOUSE (FDC) | H5: Carbonated Cans | I5: DRY-FOOD | J5: CTN 30 PCS | K5: 0.06606067 | L5: 0 | M5: 3 | N5: 0 | O5: 0 | P5: 0 | Q5: 0 | R5: 1.98182 | S5: 46207 | T5: 46251 | U5: 300 | V5: 420 | W5: 540 | X5: 660 | Y5: 300 | Z5: 660 | AA5: 480 | AB5: 0.625 | AC5: 1.375 | AD5: 0 | AE5: 46248 | AF5: 46256 | AG5: 46263 | AH5: 240 | AI5: 0.37617555 | AJ5: 0 | AK5: 46263 | AL5: NoNeed | AM5: NoNeed | AN5: 0 | AP5: NoNeed | AQ5: No QTY | AR5: NO Supplier | AT5: =_xlfn.XLOOKUP(B5,'SWiSH Demand Forecast Sep-26'!D:D,'SWiSH Demand Forecast Sep-26'!G:G,"Not Exist") -> Not Exist
A6: 104200075 | B6: Tissue Toilet Roll | C6: Each | D6: To Be Deactivated | E6: HO | F6: CLN | G6: Warehouse Common Al Mansour | H6: Kit/Consumable | I6: DRY-NON FOOD | J6: #N/A | K6: 0.41666667 | L6: 0 | M6: 3 | N6: 0 | O6: 0 | P6: 0 | Q6: 0 | R6: 0 | S6: 43647 | T6: 46238 | U6: 48 | V6: 0 | W6: 48 | X6: 0 | Y6: 0 | Z6: 48 | AA6: 24 | AB6: 0 | AC6: 2 | AD6: 0 | AE6: 46248 | AF6: 46256 | AG6: 46263 | AH6: 48 | AI6: 1.0344828 | AJ6: 0 | AK6: 46263 | AL6: NoNeed | AM6: NoNeed | AN6: 0 | AP6: NoNeed | AQ6: No QTY | AR6: NO Supplier | AT6: =_xlfn.XLOOKUP(B6,'SWiSH Demand Forecast Sep-26'!D:D,'SWiSH Demand Forecast Sep-26'!G:G,"Not Exist") -> Not Exist
A7: 101500008 | B7: Dust Pan With Brush Small | C7: Each | D7: To Be Deactivated | E7: Tabel, CPU, MM, ERMG CK | F7: CON | G7: Warehouse Common Al Mansour | H7: Cleaning Tools | I7: DRY-NON FOOD | J7: Each | K7: 0.45 | L7: 0 | M7: 3 | N7: 0 | O7: 0 | P7: 0 | Q7: 0 | R7: 0.45 | S7: 45941 | T7: 46201 | U7: 0 | V7: 0 | W7: 1 | X7: 0 | Y7: 0 | Z7: 1 | AA7: 0.25 | AB7: 0 | AC7: 4 | AD7: 0 | AE7: 46248 | AF7: 46256 | AG7: 46263 | AH7: 0 | AI7: 0 | AL7: NoNeed | AM7: NoNeed | AN7: 0 | AP7: NoNeed | AQ7: No QTY | AR7: NO Supplier | AT7: =_xlfn.XLOOKUP(B7,'SWiSH Demand Forecast Sep-26'!D:D,'SWiSH Demand Forecast Sep-26'!G:G,"Not Exist") -> Not Exist
A8: 106700059 | B8: Highlightner Yellow | C8: Each | D8: To Be Deactivated | E8: BBT, PP, Yelo, Slice, Just C , CPU, Shakir | F8: STA | G8: Al MANSOUR WAREHOUSE (PNFDC) | H8: Stationary | I8: DRY-NON FOOD | J8: Each | K8: 0.17733586 | L8: 0 | M8: 3 | N8: 0 | O8: 0 | P8: 0 | Q8: 0 | R8: 1.875 | S8: 46085 | T8: 46130 | U8: 29 | V8: 0 | W8: 0 | X8: 0 | Y8: 0 | Z8: 29 | AA8: 7.25 | AB8: 0 | AC8: 4 | AD8: 0 | AE8: 46248 | AF8: 46256 | AG8: 46263 | AH8: 0 | AI8: 0 | AL8: NoNeed | AM8: NoNeed | AN8: 0 | AP8: NoNeed | AQ8: No QTY | AR8: NO Supplier | AT8: =_xlfn.XLOOKUP(B8,'SWiSH Demand Forecast Sep-26'!D:D,'SWiSH Demand Forecast Sep-26'!G:G,"Not Exist") -> Not Exist
A9: 104200005 | B9: Aluminum Foil 45 Cm | C9: Each | D9: To Be Deactivated | E9: FM, CPU, Staff Meal, Chili | F9: CON | G9: MAIN WAREHOUSE (FDC) | H9: Kit/Consumable | I9: DRY-NON FOOD | J9: Each | K9: 1.06667 | L9: 0 | M9: 3 | N9: 0 | O9: 0 | P9: 0 | Q9: 0 | R9: 1.06667 | S9: 46212 | T9: 46213 | U9: 3 | V9: 45 | W9: 7 | X9: 46 | Y9: 3 | Z9: 46 | AA9: 25.25 | AB9: 0.11881188 | AC9: 1.8217822 | AD9: 0 | AE9: 46248 | AF9: 46256 | AG9: 46263 | AH9: 0 | AI9: 0 | AL9: NoNeed | AM9: NoNeed | AN9: 0 | AP9: NoNeed | AQ9: No QTY | AR9: NO Supplier | AT9: =_xlfn.XLOOKUP(B9,'SWiSH Demand Forecast Sep-26'!D:D,'SWiSH Demand Forecast Sep-26'!G:G,"Not Exist") -> Not Exist
A10: 107200129 | B10: T-Shirt Polo H/S Purple - Mishmash | C10: Each | D10: Active | E10: MM | F10: UNI | G10: Al MANSOUR WAREHOUSE (PNFDC) | H10: Uniform | I10: DRY-NON FOOD | J10: Each | K10: 2.75 | L10: 0 | M10: 7 | N10: 0 | O10: 0 | P10: 0 | Q10: 0 | R10: 2.75 | S10: 46145 | T10: 46184 | U10: 0 | V10: 49 | W10: 0 | X10: 0 | Y10: 0 | Z10: 49 | AA10: 12.25 | AB10: 0 | AC10: 4 | AD10: 0 | AE10: 46248 | AF10: 46256 | AG10: 46263 | AH10: 0 | AI10: 0 | AL10: OnDemand | AM10: OnDemand | AN10: 0 | AP10: OnDemand | AQ10: No QTY | AR10: NO Supplier | AT10: =_xlfn.XLOOKUP(B10,'SWiSH Demand Forecast Sep-26'!D:D,'SWiSH Demand Forecast Sep-26'!G:G,"Not Exist") -> Not Exist
A11: 100900059 | B11: Lemon Ice Tea Zero Sugar | C11: Each | D11: To Be Deactivated | E11: BBT, Slice, Chili, Shakir, pp, Just C | F11: BEV | G11: MAIN WAREHOUSE (FDC) | H11: Carbonated Cans | I11: DRY-FOOD | J11: Each | K11: 0.11844441 | L11: 0 | M11: 3 | N11: 0 | O11: 0 | P11: 0 | Q11: 0 | R11: 2.73333 | S11: 46214 | T11: 46258 | U11: 198 | V11: 72 | W11: 96 | X11: 936 | Y11: 72 | Z11: 936 | AA11: 325.5 | AB11: 0.22119816 | AC11: 2.875576 | AD11: 0 | AE11: 46248 | AF11: 46256 | AG11: 46263 | AH11: 0 | AI11: 0 | AL11: NoNeed | AM11: NoNeed | AN11: 0 | AP11: NoNeed | AQ11: No QTY | AR11: NO Supplier | AT11: =_xlfn.XLOOKUP(B11,'SWiSH Demand Forecast Sep-26'!D:D,'SWiSH Demand Forecast Sep-26'!G:G,"Not Exist") -> 94
A12: 107200159 | B12: T-Shirt Round Neck JustC | C12: Each | D12: Active | E12: BBT, Just C | F12: UNI | G12: Al MANSOUR WAREHOUSE (PNFDC) | H12: Uniform | I12: DRY-NON FOOD | J12: Each | K12: 1.75 | L12: 0 | M12: 15 | N12: 0 | O12: 0 | P12: 0 | Q12: 0 | R12: 1.75 | S12: 46127 | T12: 46145 | U12: 8 | V12: 10 | W12: 0 | X12: 0 | Y12: 0 | Z12: 10 | AA12: 4.5 | AB12: 0 | AC12: 2.2222222 | AD12: 0 | AE12: 46248 | AF12: 46256 | AG12: 46263 | AH12: 0 | AI12: 0 | AL12: OnDemand | AM12: OnDemand | AN12: 0 | AP12: OnDemand | AQ12: No QTY | AR12: NO Supplier | AT12: =_xlfn.XLOOKUP(B12,'SWiSH Demand Forecast Sep-26'!D:D,'SWiSH Demand Forecast Sep-26'!G:G,"Not Exist") -> Not Exist
A13: 106800335 | B13: Sticker Sealing Foam Box Shakir 3*6 CM | C13: Each | D13: To Be Deactivated | E13: Shakir | F13: PAK | G13: Al MANSOUR WAREHOUSE (PNFDC) | H13: Sticker | I13: DRY-NON FOOD | J13: Each | K13: 0.00444 | L13: 0 | M13: 7 | N13: 0 | O13: 0 | P13: 0 | Q13: 0 | R13: 0.00444 | S13: 46149 | T13: 46203 | U13: 30500 | V13: 10000 | W13: 0 | X13: 0 | Y13: 0 | Z13: 30500 | AA13: 10125 | AB13: 0 | AC13: 3.0123457 | AD13: 0 | AE13: 46248 | AF13: 46256 | AG13: 46263 | AH13: 0 | AI13: 0 | AL13: OnDemand | AM13: OnDemand | AN13: 0 | AP13: OnDemand | AQ13: No QTY | AR13: NO Supplier | AS13: New | AT13: =_xlfn.XLOOKUP(B13,'SWiSH Demand Forecast Sep-26'!D:D,'SWiSH Demand Forecast Sep-26'!G:G,"Not Exist") -> Not Exist
A14: 107200148 | B14: T-Shirt RN RED EMB HS Shakir Back of the house | C14: Each | D14: Active | E14: Shakir | F14: UNI | G14: Al MANSOUR WAREHOUSE (PNFDC) | H14: Uniform | I14: DRY-NON FOOD | J14: Each | K14: 2.5 | L14: 0 | M14: 7 | N14: 0 | O14: 0 | P14: 0 | Q14: 0 | R14: 2.5 | S14: 46151 | T14: 46219 | U14: 8 | V14: 140 | W14: 0 | X14: 0 | Y14: 0 | Z14: 140 | AA14: 37 | AC14: 3.7837838 | AD14: 0 | AE14: 46248 | AF14: 46256 | AG14: 46263 | AH14: 0 | AI14: 0 | AL14: OnDemand | AM14: OnDemand | AN14: 0 | AP14: OnDemand | AQ14: No QTY | AR14: NO Supplier | AS14: New | AT14: =_xlfn.XLOOKUP(B14,'SWiSH Demand Forecast Sep-26'!D:D,'SWiSH Demand Forecast Sep-26'!G:G,"Not Exist") -> Not Exist
A15: 107200102 | B15: Red Baggy Pants For Shakir Back of the house | C15: Each | D15: Active | E15: Shakir | F15: UNI | G15: Al MANSOUR WAREHOUSE (PNFDC) | H15: Uniform | I15: DRY-NON FOOD | J15: Each | K15: 4.5 | L15: 0 | M15: 7 | N15: 0 | O15: 0 | P15: 0 | Q15: 0 | R15: 4.5 | S15: 46151 | T15: 46207 | U15: 0 | V15: 82 | W15: 0 | X15: 0 | Y15: 0 | Z15: 82 | AA15: 20.5 | AB15: 0 | AC15: 4 | AD15: 0 | AE15: 46248 | AF15: 46256 | AG15: 46263 | AH15: 0 | AI15: 0 | AL15: OnDemand | AM15: OnDemand | AN15: 0 | AP15: OnDemand | AQ15: No QTY | AR15: NO Supplier | AS15: New | AT15: =_xlfn.XLOOKUP(B15,'SWiSH Demand Forecast Sep-26'!D:D,'SWiSH Demand Forecast Sep-26'!G:G,"Not Exist") -> Not Exist
A16: 106200080 | B16: SWiSH Mayonnaise | C16: Liter | D16: Active | E16: Just C , CPU, BBT, ERMG CK, LB, R&D | F16: Oils & Sauces | G16: MAIN WAREHOUSE (FDC) | H16: Sauce | I16: DRY-FOOD | J16: CTN 4 Galon 3.78 Liter | K16: 0.89137369 | L16: 0 | M16: 3 | N16: 0 | O16: 0 | P16: 0 | Q16: 0 | R16: 13.5 | S16: 46124 | T16: 46203 | U16: 16794.54 | V16: 0 | W16: 0 | X16: 0 | Y16: 0 | Z16: 16794.54 | AA16: 4198.635 | AB16: 0 | AC16: 4 | AD16: 0 | AE16: 46248 | AF16: 46256 | AG16: 46263 | AH16: 0 | AI16: 0 | AL16: 5 | AM16: 3 | AN16: 0 | AO16: 0 | AP16: 8 | AQ16: No QTY | AR16: NO Supplier | AT16: =_xlfn.XLOOKUP(B16,'SWiSH Demand Forecast Sep-26'!D:D,'SWiSH Demand Forecast Sep-26'!G:G,"Not Exist") -> Not Exist
A17: 107200110 | B17: Shirt white Full Sleeve Shakir | C17: Each | D17: Non-Moving | E17: Shakir | F17: UNI | G17: Al MANSOUR WAREHOUSE (PNFDC) | H17: Uniform | I17: DRY-NON FOOD | J17: Each | K17: 4 | L17: 0 | M17: 15 | N17: 0 | O17: 0 | P17: 0 | Q17: 0 | R17: 4 | S17: 45915 | T17: 46127 | U17: 16 | V17: 0 | W17: 0 | X17: 0 | Y17: 0 | Z17: 16 | AA17: 4 | AB17: 0 | AC17: 4 | AD17: 0 | AE17: 46248 | AF17: 46256 | AG17: 46263 | AH17: 0 | AI17: 0 | AL17: OnDemand | AM17: OnDemand | AN17: 0 | AP17: OnDemand | AQ17: No QTY | AR17: NO Supplier | AT17: =_xlfn.XLOOKUP(B17,'SWiSH Demand Forecast Sep-26'!D:D,'SWiSH Demand Forecast Sep-26'!G:G,"Not Exist") -> Not Exist
A18: 105600033 | B18: Bag Vacuum 20x30 Cm ERMG | C18: Kilogram | D18: Non-Moving | E18: CPU, ERMG CK | F18: CON | G18: Warehouse ERMG-Mishmash | H18: Plastic Bags | I18: DRY-NON FOOD | J18: Kilogram | K18: 0.7 | L18: 0 | M18: 30 | N18: 0 | O18: 0 | P18: 0 | Q18: 0 | R18: 0.65 | S18: 46133 | T18: 46140 | U18: 300 | V18: 0 | W18: 0 | X18: 0 | Y18: 0 | Z18: 300 | AA18: 75 | AB18: 0 | AC18: 4 | AD18: 0 | AE18: 46248 | AF18: 46256 | AG18: 46263 | AH18: 0 | AI18: 0 | AL18: OnDemand | AM18: OnDemand | AN18: 0 | AP18: OnDemand | AQ18: No QTY | AR18: NO Supplier | AT18: =_xlfn.XLOOKUP(B18,'SWiSH Demand Forecast Sep-26'!D:D,'SWiSH Demand Forecast Sep-26'!G:G,"Not Exist") -> Not Exist
A19: 107200123 | B19: T-Shirt POLO Half Sleeve Black JustC | C19: Each | D19: Non-Moving | E19: BBT, Just C | F19: UNI | G19: Warehouse Ardiya | H19: Uniform | I19: DRY-NON FOOD | J19: Each | K19: 2.5 | L19: 0 | M19: 15 | N19: 0 | O19: 0 | P19: 0 | Q19: 0 | R19: 2.5 | S19: 46127 | T19: 46136 | U19: 8 | V19: 0 | W19: 0 | X19: 0 | Y19: 0 | Z19: 8 | AA19: 2 | AB19: 0 | AC19: 4 | AD19: 0 | AE19: 46248 | AF19: 46256 | AG19: 46263 | AH19: 0 | AI19: 0 | AL19: OnDemand | AM19: OnDemand | AN19: 0 | AP19: OnDemand | AQ19: No QTY | AR19: NO Supplier | AT19: =_xlfn.XLOOKUP(B19,'SWiSH Demand Forecast Sep-26'!D:D,'SWiSH Demand Forecast Sep-26'!G:G,"Not Exist") -> Not Exist
A20: 107200128 | B20: T-Shirt Polo H/S Oily Maintenance Swish | C20: Each | D20: Non-Moving | E20: Stores office | F20: UNI | G20: Warehouse Common Al Mansour | H20: Uniform | I20: DRY-NON FOOD | J20: Each | K20: 3.25 | L20: 0 | M20: 7 | N20: 0 | O20: 0 | P20: 0 | Q20: 0 | R20: 3.25 | S20: 46127 | T20: 46137 | U20: 3 | V20: 0 | W20: 0 | X20: 0 | Y20: 0 | Z20: 3 | AA20: 0.75 | AB20: 0 | AC20: 4 | AD20: 0 | AE20: 46248 | AF20: 46256 | AG20: 46263 | AH20: 0 | AI20: 0 | AL20: OnDemand | AM20: OnDemand | AN20: 0 | AP20: OnDemand | AQ20: No QTY | AR20: NO Supplier | AT20: =_xlfn.XLOOKUP(B20,'SWiSH Demand Forecast Sep-26'!D:D,'SWiSH Demand Forecast Sep-26'!G:G,"Not Exist") -> Not Exist
A21: 104800008 | B21: Voda Voda Glass Bottle 330 Ml | C21: Each | D21: Non-Moving | E21: FM | F21: BEV | G21: Warehouse FM | H21: Mineral Water | I21: DRY-FOOD | J21: Packet 12 pcs | K21: 0.2375 | L21: 0 | M21: 3 | N21: 0 | O21: 0 | P21: 0 | Q21: 0 | R21: 2.85 | S21: 46138 | T21: 46162 | U21: 276 | V21: 204 | W21: 0 | X21: 0 | Y21: 0 | Z21: 276 | AA21: 120 | AB21: 0 | AC21: 2.3 | AD21: 0 | AE21: 46248 | AF21: 46256 | AG21: 46263 | AH21: 0 | AI21: 0 | AL21: OnDemand | AM21: OnDemand | AN21: 0 | AP21: OnDemand | AQ21: No QTY | AR21: NO Supplier | AT21: =_xlfn.XLOOKUP(B21,'SWiSH Demand Forecast Sep-26'!D:D,'SWiSH Demand Forecast Sep-26'!G:G,"Not Exist") -> Not Exist
A22: 106800040 | B22: FM Sticker for Bag Seal 5.1x11cm Matafi | C22: Each | D22: To Be Deactivated | E22: FM | F22: PAK | G22: Warehouse ETC Al Mansour | H22: Sticker | I22: DRY-NON FOOD | J22: Each | K22: 0.003 | L22: 0 | M22: 15 | N22: 0 | O22: 0 | P22: 0 | Q22: 0 | R22: 0.003 | S22: 45994 | T22: 46199 | U22: 2500 | V22: 0 | W22: 0 | X22: 0 | Y22: 0 | Z22: 2500 | AA22: 625 | AB22: 0 | AC22: 4 | AD22: 0 | AE22: 46248 | AF22: 46256 | AG22: 46263 | AH22: 0 | AI22: 0 | AL22: NoNeed | AM22: NoNeed | AN22: 0 | AP22: NoNeed | AQ22: No QTY | AR22: NO Supplier | AT22: =_xlfn.XLOOKUP(B22,'SWiSH Demand Forecast Sep-26'!D:D,'SWiSH Demand Forecast Sep-26'!G:G,"Not Exist") -> Not Exist
A23: 101400023 | B23: Glass Cleaner | C23: Each | D23: To Be Deactivated | E23: Yelo, Slice, pp, Shakir, CPU, BBT, HO, Chili, Stores office | F23: CLN | G23: Al MANSOUR WAREHOUSE (PNFDC) | H23: Cleaning Material | I23: DRY-NON FOOD | J23: CTN 6 pcs | K23: 1.5833333 | L23: 0 | M23: 3 | N23: 0 | O23: 0 | P23: 0 | Q23: 0 | R23: 9.5 | S23: 46096 | T23: 46235 | U23: 1 | V23: 3 | W23: 0 | X23: 0 | Y23: 0 | Z23: 3 | AA23: 1 | AB23: 0 | AC23: 3 | AD23: 0 | AE23: 46248 | AF23: 46256 | AG23: 46263 | AH23: 0 | AI23: 0 | AL23: OnDemand | AM23: OnDemand | AN23: 0 | AP23: OnDemand | AQ23: No QTY | AR23: NO Supplier | AT23: =_xlfn.XLOOKUP(B23,'SWiSH Demand Forecast Sep-26'!D:D,'SWiSH Demand Forecast Sep-26'!G:G,"Not Exist") -> Not Exist
A24: 101400049 | B24: Oven Cleaner Suma D 96 | C24: Liter | D24: To Be Deactivated | E24: FM, Shakir, pp, CPU, Yelo, BBT, Slice, Chili | F24: CLN | G24: MAIN WAREHOUSE (FDC) | H24: Cleaning Material | I24: DRY-NON FOOD | J24: CTN 2 Galon 5 Liter | K24: 1.75 | L24: 0 | M24: 3 | N24: 0 | O24: 0 | P24: 0 | Q24: 0 | R24: 14 | S24: 46175 | T24: 46252 | U24: 1510 | V24: 1585 | W24: 105 | X24: 0 | Y24: 0 | Z24: 1585 | AA24: 800 | AB24: 0 | AC24: 1.98125 | AD24: 0 | AE24: 46248 | AF24: 46256 | AG24: 46263 | AH24: 0 | AI24: 0 | AL24: NoNeed | AM24: NoNeed | AN24: 0 | AP24: NoNeed | AQ24: No QTY | AR24: NO Supplier | AT24: =_xlfn.XLOOKUP(B24,'SWiSH Demand Forecast Sep-26'!D:D,'SWiSH Demand Forecast Sep-26'!G:G,"Not Exist") -> Not Exist
A25: 106800054 | B25: FM Stk Frzn Sambosa Cheese Jalp Back 12*12 | C25: Each | D25: Slow-Moving | E25: FM | F25: PAK | G25: MAIN WAREHOUSE (FDC) | H25: Sticker | I25: DRY-NON FOOD | J25: Each | K25: 0.05 | L25: 0 | M25: 7 | N25: 0 | O25: 0 | P25: 0 | Q25: 0 | R25: 0.05 | S25: 46088 | T25: 46111 | U25: 1000 | V25: 0 | W25: 0 | X25: 0 | Y25: 0 | Z25: 1000 | AA25: 250 | AB25: 0 | AC25: 4 | AD25: 0 | AE25: 46248 | AF25: 46256 | AG25: 46263 | AH25: 0 | AI25: 0 | AL25: OnDemand | AM25: OnDemand | AN25: 0 | AP25: OnDemand | AQ25: No QTY | AR25: NO Supplier | AT25: =_xlfn.XLOOKUP(B25,'SWiSH Demand Forecast Sep-26'!D:D,'SWiSH Demand Forecast Sep-26'!G:G,"Not Exist") -> Not Exist
A26: 107200035 | B26: Chef Coat - Tabel | C26: Each | D26: Active | E26: Tabel | F26: UNI | G26: Al MANSOUR WAREHOUSE (PNFDC) | H26: Uniform | I26: DRY-NON FOOD | J26: Each | K26: 6 | L26: 0 | M26: 15 | N26: 0 | O26: 0 | P26: 0 | Q26: 0 | R26: 6 | S26: 46222 | T26: 46225 | U26: 0 | V26: 0 | W26: 30 | X26: 12 | Y26: 0 | Z26: 30 | AA26: 10.5 | AB26: 0 | AC26: 2.8571429 | AD26: 0 | AE26: 46248 | AF26: 46256 | AG26: 46263 | AH26: 0 | AI26: 0 | AL26: OnDemand | AM26: OnDemand | AN26: 0 | AP26: OnDemand | AQ26: 16 | AR26: Design Stores | AT26: =_xlfn.XLOOKUP(B26,'SWiSH Demand Forecast Sep-26'!D:D,'SWiSH Demand Forecast Sep-26'!G:G,"Not Exist") -> Not Exist
A27: 107200020 | B27: BBT Steward Black Pants | C27: Each | D27: Non-Moving | E27: BBT | F27: UNI | G27: Warehouse Non Moving items | H27: Uniform | I27: DRY-NON FOOD | J27: Each | K27: 4.75 | L27: 0 | M27: 15 | N27: 0 | O27: 0 | P27: 0 | Q27: 0 | R27: 4.75 | S27: 46186 | T27: 46187 | U27: 9 | V27: 0 | W27: 3 | X27: 0 | Y27: 0 | Z27: 9 | AA27: 3 | AB27: 0 | AC27: 3 | AD27: 0 | AE27: 46248 | AF27: 46256 | AG27: 46263 | AH27: 0 | AI27: 0 | AL27: OnDemand | AM27: OnDemand | AN27: 0 | AP27: OnDemand | AQ27: No QTY | AR27: NO Supplier | AT27: =_xlfn.XLOOKUP(B27,'SWiSH Demand Forecast Sep-26'!D:D,'SWiSH Demand Forecast Sep-26'!G:G,"Not Exist") -> Not Exist
A28: 105600029 | B28: Bag Plastic White HD - Shakir 70h*45w | C28: Kilogram | D28: To Be Deactivated | E28: Shakir | F28: PAK | G28: Al MANSOUR WAREHOUSE (PNFDC) | H28: Plastic Bags | I28: DRY-NON FOOD | J28: Kilogram | K28: 0.45003592 | L28: 0 | M28: 30 | N28: 0 | O28: 0 | P28: 0 | Q28: 0 | R28: 0.45 | S28: 46095 | T28: 46195 | U28: 220 | V28: 480 | W28: 100 | X28: 0 | Y28: 0 | Z28: 480 | AA28: 200 | AB28: 0 | AC28: 2.4 | AD28: 0 | AE28: 46248 | AF28: 46256 | AG28: 46263 | AH28: 0 | AI28: 0 | AL28: NoNeed | AM28: NoNeed | AN28: 0 | AP28: NoNeed | AQ28: No QTY | AR28: NO Supplier | AT28: =_xlfn.XLOOKUP(B28,'SWiSH Demand Forecast Sep-26'!D:D,'SWiSH Demand Forecast Sep-26'!G:G,"Not Exist") -> Not Exist
A29: 107200127 | B29: T-Shirt Polo H/S Grey -Swish | C29: Each | D29: Non-Moving | E29: HO, Stores office | F29: UNI | G29: Warehouse Common Al Mansour | H29: Uniform | I29: DRY-NON FOOD | J29: Each | K29: 3.25 | L29: 0 | M29: 15 | N29: 0 | O29: 0 | P29: 0 | Q29: 0 | R29: 3.25 | S29: 46261 | T29: 46261 | U29: 6 | V29: 0 | W29: 0 | X29: 9 | Y29: 0 | Z29: 9 | AA29: 3.75 | AB29: 0 | AC29: 2.4 | AD29: 0 | AE29: 46248 | AF29: 46256 | AG29: 46263 | AH29: 6 | AI29: 0.68965517 | AJ29: 0 | AK29: 46263 | AL29: OnDemand | AM29: OnDemand | AN29: 0 | AP29: OnDemand | AQ29: No QTY | AR29: NO Supplier | AT29: =_xlfn.XLOOKUP(B29,'SWiSH Demand Forecast Sep-26'!D:D,'SWiSH Demand Forecast Sep-26'!G:G,"Not Exist") -> Not Exist
A30: 107200154 | B30: T-Shirt Round Neck Black F/S - BBT Plain | C30: Each | D30: Non-Moving | E30: BBT | F30: UNI | G30: Warehouse ETC Al Mansour | H30: Uniform | I30: DRY-NON FOOD | J30: Each | K30: 3.25 | L30: 0 | M30: 7 | N30: 0 | O30: 0 | P30: 0 | Q30: 0 | R30: 3.25 | S30: 46127 | T30: 46135 | U30: 9 | V30: 0 | W30: 0 | X30: 0 | Y30: 0 | Z30: 9 | AA30: 2.25 | AB30: 0 | AC30: 4 | AD30: 0 | AE30: 46248 | AF30: 46256 | AG30: 46263 | AH30: 0 | AI30: 0 | AL30: OnDemand | AM30: OnDemand | AN30: 0 | AP30: OnDemand | AQ30: No QTY | AR30: NO Supplier | AS30: New | AT30: =_xlfn.XLOOKUP(B30,'SWiSH Demand Forecast Sep-26'!D:D,'SWiSH Demand Forecast Sep-26'!G:G,"Not Exist") -> Not Exist
A31: 107200184 | B31: White Shirt EMB Shakir-Managers | C31: Each | D31: Active | E31: Shakir | F31: UNI | G31: Al MANSOUR WAREHOUSE (PNFDC) | H31: Uniform | I31: DRY-NON FOOD | J31: Each | K31: 4.25 | L31: 0 | M31: 7 | N31: 0 | O31: 0 | P31: 0 | Q31: 0 | R31: 4.25 | S31: 46092 | T31: 46117 | U31: 12 | V31: 0 | W31: 0 | X31: 0 | Y31: 0 | Z31: 12 | AA31: 3 | AB31: 0 | AC31: 4 | AD31: 0 | AE31: 46248 | AF31: 46256 | AG31: 46263 | AH31: 0 | AI31: 0 | AL31: OnDemand | AM31: OnDemand | AN31: 0 | AP31: OnDemand | AQ31: No QTY | AR31: NO Supplier | AS31: New | AT31: =_xlfn.XLOOKUP(B31,'SWiSH Demand Forecast Sep-26'!D:D,'SWiSH Demand Forecast Sep-26'!G:G,"Not Exist") -> Not Exist
A32: 106800052 | B32: FM Stk Frzn Sambosa CHKN Musakan Back 12*12 | C32: Each | D32: Slow-Moving | E32: FM | F32: PAK | G32: MAIN WAREHOUSE (FDC) | H32: Sticker | I32: DRY-NON FOOD | J32: Each | K32: 0.05 | L32: 0 | M32: 7 | N32: 0 | O32: 0 | P32: 0 | Q32: 0 | R32: 0.05 | S32: 46088 | T32: 46111 | U32: 1000 | V32: 0 | W32: 0 | X32: 0 | Y32: 0 | Z32: 1000 | AA32: 250 | AB32: 0 | AC32: 4 | AD32: 0 | AE32: 46248 | AF32: 46256 | AG32: 46263 | AH32: 0 | AI32: 0 | AL32: OnDemand | AM32: OnDemand | AN32: 0 | AP32: OnDemand | AQ32: No QTY | AR32: NO Supplier | AT32: =_xlfn.XLOOKUP(B32,'SWiSH Demand Forecast Sep-26'!D:D,'SWiSH Demand Forecast Sep-26'!G:G,"Not Exist") -> Not Exist
A33: 107200072 | B33: Jeans | C33: Each | D33: Active | E33: Stores office | F33: UNI | G33: Al MANSOUR WAREHOUSE (PNFDC) | H33: Uniform | I33: DRY-NON FOOD | J33: Each | K33: 4 | L33: 0 | M33: 15 | N33: 0 | O33: 0 | P33: 0 | Q33: 0 | R33: 4 | S33: 46127 | T33: 46175 | U33: 2 | V33: 0 | W33: 0 | X33: 0 | Y33: 0 | Z33: 2 | AA33: 0.5 | AB33: 0 | AC33: 4 | AD33: 0 | AE33: 46248 | AF33: 46256 | AG33: 46263 | AH33: 0 | AI33: 0 | AL33: OnDemand | AM33: OnDemand | AN33: 0 | AP33: OnDemand | AQ33: No QTY | AR33: NO Supplier | AT33: =_xlfn.XLOOKUP(B33,'SWiSH Demand Forecast Sep-26'!D:D,'SWiSH Demand Forecast Sep-26'!G:G,"Not Exist") -> Not Exist
A34: 106800056 | B34: FM Stk Frzn Sambosa Seasoned Beef Back 12*12 | C34: Each | D34: Slow-Moving | E34: FM | F34: PAK | G34: MAIN WAREHOUSE (FDC) | H34: Sticker | I34: DRY-NON FOOD | J34: Each | K34: 0.05 | L34: 0 | M34: 7 | N34: 0 | O34: 0 | P34: 0 | Q34: 0 | R34: 0.05 | S34: 46088 | T34: 46111 | U34: 1000 | V34: 0 | W34: 0 | X34: 0 | Y34: 0 | Z34: 1000 | AA34: 250 | AB34: 0 | AC34: 4 | AD34: 0 | AE34: 46248 | AF34: 46256 | AG34: 46263 | AH34: 0 | AI34: 0 | AL34: OnDemand | AM34: OnDemand | AN34: 0 | AP34: OnDemand | AQ34: No QTY | AR34: NO Supplier | AT34: =_xlfn.XLOOKUP(B34,'SWiSH Demand Forecast Sep-26'!D:D,'SWiSH Demand Forecast Sep-26'!G:G,"Not Exist") -> Not Exist
A35: 106800055 | B35: FM Stk Frzn Sambosa Cheese Jalp Front 25*15 | C35: Each | D35: Slow-Moving | E35: FM | F35: PAK | G35: MAIN WAREHOUSE (FDC) | H35: Sticker | I35: DRY-NON FOOD | J35: Each | K35: 0.13 | L35: 0 | M35: 7 | N35: 0 | O35: 0 | P35: 0 | Q35: 0 | R35: 0.13 | S35: 46088 | T35: 46111 | U35: 1000 | V35: 0 | W35: 0 | X35: 0 | Y35: 0 | Z35: 1000 | AA35: 250 | AB35: 0 | AC35: 4 | AD35: 0 | AE35: 46248 | AF35: 46256 | AG35: 46263 | AH35: 0 | AI35: 0 | AL35: OnDemand | AM35: OnDemand | AN35: 0 | AP35: OnDemand | AQ35: No QTY | AR35: NO Supplier | AT35: =_xlfn.XLOOKUP(B35,'SWiSH Demand Forecast Sep-26'!D:D,'SWiSH Demand Forecast Sep-26'!G:G,"Not Exist") -> Not Exist
A36: 106800053 | B36: FM Stk Frzn Sambosa CHKN Musakan Front 25*15 | C36: Each | D36: Slow-Moving | E36: FM | F36: PAK | G36: MAIN WAREHOUSE (FDC) | H36: Sticker | I36: DRY-NON FOOD | J36: Each | K36: 0.13 | L36: 0 | M36: 7 | N36: 0 | O36: 0 | P36: 0 | Q36: 0 | R36: 0.13 | S36: 46088 | T36: 46111 | U36: 1000 | V36: 0 | W36: 0 | X36: 0 | Y36: 0 | Z36: 1000 | AA36: 250 | AB36: 0 | AC36: 4 | AD36: 0 | AE36: 46248 | AF36: 46256 | AG36: 46263 | AH36: 0 | AI36: 0 | AL36: OnDemand | AM36: OnDemand | AN36: 0 | AP36: OnDemand | AQ36: No QTY | AR36: NO Supplier | AT36: =_xlfn.XLOOKUP(B36,'SWiSH Demand Forecast Sep-26'!D:D,'SWiSH Demand Forecast Sep-26'!G:G,"Not Exist") -> Not Exist
A37: 106800057 | B37: FM Stk Frzn Sambosa Seasoned Beef Front 25*15 | C37: Each | D37: Slow-Moving | E37: FM | F37: PAK | G37: MAIN WAREHOUSE (FDC) | H37: Sticker | I37: DRY-NON FOOD | J37: Each | K37: 0.13 | L37: 0 | M37: 7 | N37: 0 | O37: 0 | P37: 0 | Q37: 0 | R37: 0.13 | S37: 46088 | T37: 46111 | U37: 1000 | V37: 0 | W37: 0 | X37: 0 | Y37: 0 | Z37: 1000 | AA37: 250 | AB37: 0 | AC37: 4 | AD37: 0 | AE37: 46248 | AF37: 46256 | AG37: 46263 | AH37: 0 | AI37: 0 | AL37: OnDemand | AM37: OnDemand | AN37: 0 | AP37: OnDemand | AQ37: No QTY | AR37: NO Supplier | AT37: =_xlfn.XLOOKUP(B37,'SWiSH Demand Forecast Sep-26'!D:D,'SWiSH Demand Forecast Sep-26'!G:G,"Not Exist") -> Not Exist
A38: 107200093 | B38: Pants Black Shakir - Managers | C38: Each | D38: Active | E38: Shakir | F38: UNI | G38: Al MANSOUR WAREHOUSE (PNFDC) | H38: Uniform | I38: DRY-NON FOOD | J38: Each | K38: 3.75 | L38: 0 | M38: 7 | N38: 0 | O38: 0 | P38: 0 | Q38: 0 | R38: 3.75 | S38: 46078 | T38: 46131 | U38: 6 | V38: 0 | W38: 0 | X38: 0 | Y38: 0 | Z38: 6 | AA38: 1.5 | AB38: 0 | AC38: 4 | AD38: 0 | AE38: 46248 | AF38: 46256 | AG38: 46263 | AH38: 0 | AI38: 0 | AL38: OnDemand | AM38: OnDemand | AN38: 0 | AP38: OnDemand | AQ38: No QTY | AR38: NO Supplier | AS38: New | AT38: =_xlfn.XLOOKUP(B38,'SWiSH Demand Forecast Sep-26'!D:D,'SWiSH Demand Forecast Sep-26'!G:G,"Not Exist") -> Not Exist
A39: 107200111 | B39: Shirt white Half Sleeve Shakir | C39: Each | D39: Active | E39: Shakir | F39: UNI | G39: Al MANSOUR WAREHOUSE (PNFDC) | H39: Uniform | I39: DRY-NON FOOD | J39: Each | K39: 3.75 | L39: 0 | M39: 15 | N39: 0 | O39: 0 | P39: 0 | Q39: 0 | R39: 3.75 | S39: 46025 | T39: 46119 | U39: 9 | V39: 0 | W39: 0 | X39: 0 | Y39: 0 | Z39: 9 | AA39: 2.25 | AB39: 0 | AC39: 4 | AD39: 0 | AE39: 46248 | AF39: 46256 | AG39: 46263 | AH39: 0 | AI39: 0 | AL39: OnDemand | AM39: OnDemand | AN39: 0 | AP39: OnDemand | AQ39: No QTY | AR39: NO Supplier | AT39: =_xlfn.XLOOKUP(B39,'SWiSH Demand Forecast Sep-26'!D:D,'SWiSH Demand Forecast Sep-26'!G:G,"Not Exist") -> Not Exist
A40: 106800336 | B40: Sticker Bag Sealing Shakir & BBT | C40: Each | D40: To Be Deactivated | E40: Shakir, BBT | F40: PAK | G40: Al MANSOUR WAREHOUSE (PNFDC) | H40: Sticker | I40: DRY-NON FOOD | J40: Each | K40: 0.01333 | L40: 0 | M40: 7 | N40: 0 | O40: 0 | P40: 0 | Q40: 0 | R40: 0.01333 | S40: 46119 | T40: 46122 | U40: 1500 | V40: 0 | W40: 0 | X40: 0 | Y40: 0 | Z40: 1500 | AA40: 375 | AB40: 0 | AC40: 4 | AD40: 0 | AE40: 46248 | AF40: 46256 | AG40: 46263 | AH40: 0 | AI40: 0 | AL40: OnDemand | AM40: OnDemand | AN40: 0 | AP40: OnDemand | AQ40: No QTY | AR40: NO Supplier | AS40: New | AT40: =_xlfn.XLOOKUP(B40,'SWiSH Demand Forecast Sep-26'!D:D,'SWiSH Demand Forecast Sep-26'!G:G,"Not Exist") -> Not Exist
A41: 106800263 | B41: Sticker Sweet Corn Nuggets BBT 3.5 CM | C41: Each | D41: To Be Deactivated | E41: BBT | F41: PAK | G41: Al MANSOUR WAREHOUSE (PNFDC) | H41: Sticker | I41: DRY-NON FOOD | J41: Each | K41: 0.005 | L41: 0 | M41: 7 | N41: 0 | O41: 0 | P41: 0 | Q41: 0 | R41: 0.005 | S41: 46081 | T41: 46140 | U41: 6000 | V41: 0 | W41: 0 | X41: 0 | Y41: 0 | Z41: 6000 | AA41: 1500 | AC41: 4 | AD41: 0 | AE41: 46248 | AF41: 46256 | AG41: 46263 | AH41: 0 | AI41: 0 | AL41: OnDemand | AM41: OnDemand | AN41: 0 | AP41: OnDemand | AQ41: No QTY | AR41: NO Supplier | AS41: New | AT41: =_xlfn.XLOOKUP(B41,'SWiSH Demand Forecast Sep-26'!D:D,'SWiSH Demand Forecast Sep-26'!G:G,"Not Exist") -> Not Exist
A42: 107200131 | B42: T-Shirt Polo H/S Red Tabel | C42: Each | D42: Active | E42: Tabel | F42: UNI | G42: Al MANSOUR WAREHOUSE (PNFDC) | H42: Uniform | I42: DRY-NON FOOD | J42: Each | K42: 2.75 | L42: 0 | M42: 15 | N42: 0 | O42: 0 | P42: 0 | Q42: 0 | R42: 2.75 | S42: 46114 | T42: 46203 | U42: 22 | V42: 0 | W42: 0 | X42: 0 | Y42: 0 | Z42: 22 | AA42: 5.5 | AB42: 0 | AC42: 4 | AD42: 0 | AE42: 46248 | AF42: 46256 | AG42: 46263 | AH42: 0 | AI42: 0 | AL42: OnDemand | AM42: OnDemand | AN42: 0 | AP42: OnDemand | AQ42: No QTY | AR42: NO Supplier | AT42: =_xlfn.XLOOKUP(B42,'SWiSH Demand Forecast Sep-26'!D:D,'SWiSH Demand Forecast Sep-26'!G:G,"Not Exist") -> Not Exist
A43: 106600148 | B43: FM Sleeve Sando 46 x 7cm | C43: Each | D43: To Be Deactivated | E43: FM | F43: PAK | G43: Al MANSOUR WAREHOUSE (PNFDC) | H43: Sleeve | I43: DRY-NON FOOD | J43: Each | K43: 0.018 | L43: 0 | M43: 15 | N43: 0 | O43: 0 | P43: 0 | Q43: 0 | R43: 0.018 | S43: 46124 | T43: 46193 | U43: 5000 | V43: 0 | W43: 0 | X43: 0 | Y43: 0 | Z43: 5000 | AA43: 1250 | AB43: 0 | AC43: 4 | AD43: 0 | AE43: 46248 | AF43: 46256 | AG43: 46263 | AH43: 0 | AI43: 0 | AL43: OnDemand | AM43: OnDemand | AN43: 0 | AP43: OnDemand | AQ43: No QTY | AR43: NO Supplier | AS43: New | AT43: =_xlfn.XLOOKUP(B43,'SWiSH Demand Forecast Sep-26'!D:D,'SWiSH Demand Forecast Sep-26'!G:G,"Not Exist") -> Not Exist
A44: 101500035 | B44: Squeegee Replacement Rubber Blade | C44: Each | D44: Slow-Moving | E44: BBT, Just C | F44: CLN | G44: Al MANSOUR WAREHOUSE (PNFDC) | H44: Cleaning Tools | I44: DRY-NON FOOD | J44: #N/A | K44: 1.66651 | L44: 0 | M44: 3 | N44: 0 | O44: 0 | P44: 0 | Q44: 0 | R44: 1.66651 | S44: 45119 | T44: 46210 | U44: 4 | V44: 0 | W44: 0 | X44: 0 | Y44: 0 | Z44: 4 | AA44: 1 | AB44: 0 | AC44: 4 | AD44: 0 | AE44: 46248 | AF44: 46256 | AG44: 46263 | AH44: 0 | AI44: 0 | AL44: OnDemand | AM44: OnDemand | AN44: 0 | AP44: OnDemand | AQ44: No QTY | AR44: NO Supplier | AT44: =_xlfn.XLOOKUP(B44,'SWiSH Demand Forecast Sep-26'!D:D,'SWiSH Demand Forecast Sep-26'!G:G,"Not Exist") -> Not Exist
A45: 107200001 | B45: Apron Beige Full with Logo Tabel | C45: Each | D45: Active | E45: Tabel | F45: UNI | G45: Al MANSOUR WAREHOUSE (PNFDC) | H45: Uniform | I45: DRY-NON FOOD | J45: Each | K45: 3.5 | L45: 0 | M45: 15 | N45: 0 | O45: 0 | P45: 0 | Q45: 0 | R45: 3.5 | S45: 46114 | T45: 46118 | U45: 11 | V45: 0 | W45: 0 | X45: 0 | Y45: 0 | Z45: 11 | AA45: 2.75 | AB45: 0 | AC45: 4 | AD45: 0 | AE45: 46248 | AF45: 46256 | AG45: 46263 | AH45: 0 | AI45: 0 | AL45: OnDemand | AM45: OnDemand | AN45: 0 | AP45: OnDemand | AQ45: No QTY | AR45: NO Supplier | AT45: =_xlfn.XLOOKUP(B45,'SWiSH Demand Forecast Sep-26'!D:D,'SWiSH Demand Forecast Sep-26'!G:G,"Not Exist") -> Not Exist
A46: 107200137 | B46: T-Shirt Polo Red - BBT | C46: Each | D46: Active | E46: BBT | F46: UNI | G46: Al MANSOUR WAREHOUSE (PNFDC) | H46: Uniform | I46: DRY-NON FOOD | J46: Each | K46: 3.5 | L46: 0 | M46: 15 | N46: 0 | O46: 0 | P46: 0 | Q46: 0 | R46: 3.5 | S46: 46215 | T46: 46221 | U46: 5 | V46: 0 | W46: 21 | X46: 3 | Y46: 0 | Z46: 21 | AA46: 7.25 | AB46: 0 | AC46: 2.8965517 | AD46: 0 | AE46: 46248 | AF46: 46256 | AG46: 46263 | AH46: 0 | AI46: 0 | AL46: OnDemand | AM46: OnDemand | AN46: 0 | AP46: OnDemand | AQ46: No QTY | AR46: NO Supplier | AT46: =_xlfn.XLOOKUP(B46,'SWiSH Demand Forecast Sep-26'!D:D,'SWiSH Demand Forecast Sep-26'!G:G,"Not Exist") -> Not Exist
A47: 107200197 | B47: Winter Jacket Navy - Maintenance | C47: Each | D47: Active | E47: Maint | F47: UNI | G47: Al MANSOUR WAREHOUSE (PNFDC) | H47: Uniform | I47: DRY-NON FOOD | J47: Each | K47: 4.25 | L47: 0 | M47: 7 | N47: 0 | O47: 0 | P47: 0 | Q47: 0 | R47: 4.25 | S47: 46072 | T47: 46137 | U47: 10 | V47: 0 | W47: 0 | X47: 0 | Y47: 0 | Z47: 10 | AA47: 2.5 | AB47: 0 | AC47: 4 | AD47: 0 | AE47: 46248 | AF47: 46256 | AG47: 46263 | AH47: 0 | AI47: 0 | AL47: OnDemand | AM47: OnDemand | AN47: 0 | AP47: OnDemand | AQ47: No QTY | AR47: NO Supplier | AT47: =_xlfn.XLOOKUP(B47,'SWiSH Demand Forecast Sep-26'!D:D,'SWiSH Demand Forecast Sep-26'!G:G,"Not Exist") -> Not Exist
A48: 105900062 | B48: Plastic Holder for Ice Cream Cup | C48: Each | D48: Slow-Moving | E48: BBT | F48: CON | G48: Al MANSOUR WAREHOUSE (PNFDC) | H48: Printed Foils | I48: DRY-NON FOOD | J48: CTN 20 Packet 70 PCS | K48: 0.03069611 | L48: 0 | M48: 15 | N48: 0 | O48: 0 | P48: 0 | Q48: 0 | R48: 43.5098 | S48: 45701 | T48: 46212 | U48: 1400 | V48: 0 | W48: 0 | X48: 0 | Y48: 0 | Z48: 1400 | AA48: 350 | AB48: 0 | AC48: 4 | AD48: 0 | AE48: 46248 | AF48: 46256 | AG48: 46263 | AH48: 0 | AI48: 0 | AL48: OnDemand | AM48: OnDemand | AN48: 0 | AP48: OnDemand | AQ48: No QTY | AR48: NO Supplier | AT48: =_xlfn.XLOOKUP(B48,'SWiSH Demand Forecast Sep-26'!D:D,'SWiSH Demand Forecast Sep-26'!G:G,"Not Exist") -> 126
A49: 107200143 | B49: T-Shirt Polo White - BBT | C49: Each | D49: Active | E49: BBT | F49: UNI | G49: Al MANSOUR WAREHOUSE (PNFDC) | H49: Uniform | I49: DRY-NON FOOD | J49: Each | K49: 3 | L49: 0 | M49: 15 | N49: 0 | O49: 0 | P49: 0 | Q49: 0 | R49: 3 | S49: 46215 | T49: 46217 | U49: 30 | V49: 0 | W49: 0 | X49: 9 | Y49: 0 | Z49: 30 | AA49: 9.75 | AB49: 0 | AC49: 3.0769231 | AD49: 0 | AE49: 46248 | AF49: 46256 | AG49: 46263 | AH49: 0 | AI49: 0 | AL49: OnDemand | AM49: OnDemand | AN49: 0 | AP49: OnDemand | AQ49: No QTY | AR49: NO Supplier | AT49: =_xlfn.XLOOKUP(B49,'SWiSH Demand Forecast Sep-26'!D:D,'SWiSH Demand Forecast Sep-26'!G:G,"Not Exist") -> Not Exist
A50: 105900011 | B50: Aluminium Foil BBQ Sauce BBT | C50: Each | D50: Active | E50: CPU | F50: PAK | G50: MAIN WAREHOUSE (FDC) | H50: Printed Foils | I50: DRY-NON FOOD | J50: Packet 1000 PCS | K50: 0.00404473 | L50: 0 | M50: 90 | N50: 0 | O50: 0 | P50: 0 | Q50: 0 | R50: 4.144 | S50: 46082 | T50: 46260 | U50: 25600 | V50: 12200 | W50: 3200 | X50: 0 | Y50: 0 | Z50: 25600 | AA50: 10250 | AB50: 0 | AC50: 2.497561 | AD50: 0 | AE50: 46248 | AF50: 46256 | AG50: 46263 | AH50: 0 | AI50: 0 | AL50: 120 | AM50: 100 | AN50: 0 | AO50: 0 | AP50: 1 | AQ50: No QTY | AR50: NO Supplier | AT50: =_xlfn.XLOOKUP(B50,'SWiSH Demand Forecast Sep-26'!D:D,'SWiSH Demand Forecast Sep-26'!G:G,"Not Exist") -> 11704
A51: 106600149 | B51: Sandwich Sleeve Shakir Chicken Arabi 29*7*4 CM | C51: Each | D51: Slow-Moving | E51: Shakir | F51: PAK | G51: Al MANSOUR WAREHOUSE (PNFDC) | H51: Sleeve | I51: DRY-NON FOOD | J51: Each | K51: 0.0054 | L51: 0 | M51: 15 | N51: 0 | O51: 0 | P51: 0 | Q51: 0 | R51: 0.0054 | S51: 46155 | T51: 46245 | U51: 0 | V51: 50000 | W51: 0 | X51: 0 | Y51: 0 | Z51: 50000 | AA51: 12500 | AB51: 0 | AC51: 4 | AD51: 0 | AE51: 46248 | AF51: 46256 | AG51: 46263 | AH51: 0 | AI51: 0 | AL51: OnDemand | AM51: OnDemand | AN51: 0 | AP51: OnDemand | AQ51: No QTY | AR51: NO Supplier | AT51: =_xlfn.XLOOKUP(B51,'SWiSH Demand Forecast Sep-26'!D:D,'SWiSH Demand Forecast Sep-26'!G:G,"Not Exist") -> Not Exist
A52: 106800365 | B52: Tabel Check list Sticker 4 x 6cm | C52: Each | D52: To Be Deactivated | E52: Tabel | F52: PAK | G52: Al MANSOUR WAREHOUSE (PNFDC) | H52: Sticker | I52: DRY-NON FOOD | J52: Each | K52: 0.01 | L52: 0 | M52: 7 | N52: 0 | O52: 0 | P52: 0 | Q52: 0 | R52: 0.01 | S52: 46167 | T52: 46186 | U52: 0 | V52: 75000 | W52: 0 | X52: 0 | Y52: 0 | Z52: 75000 | AA52: 18750 | AB52: 0 | AC52: 4 | AD52: 0 | AE52: 46248 | AF52: 46256 | AG52: 46263 | AH52: 0 | AI52: 0 | AL52: OnDemand | AM52: OnDemand | AN52: 0 | AP52: OnDemand | AQ52: No QTY | AR52: NO Supplier | AT52: =_xlfn.XLOOKUP(B52,'SWiSH Demand Forecast Sep-26'!D:D,'SWiSH Demand Forecast Sep-26'!G:G,"Not Exist") -> Not Exist
A53: 106800353 | B53: Sticker FM Dreamy Peanut Butter 10.7*5.5 CM | C53: Each | D53: To Be Deactivated | E53: FM | F53: PAK | G53: Al MANSOUR WAREHOUSE (PNFDC) | H53: Sticker | I53: DRY-NON FOOD | J53: Each | K53: 0.0133 | L53: 0 | M53: 7 | N53: 0 | O53: 0 | P53: 0 | Q53: 0 | R53: 0.0133 | S53: 46149 | T53: 46181 | U53: 0 | V53: 1000 | W53: 1000 | X53: 0 | Y53: 0 | Z53: 1000 | AA53: 500 | AB53: 0 | AC53: 2 | AD53: 0 | AE53: 46248 | AF53: 46256 | AG53: 46263 | AH53: 0 | AI53: 0 | AL53: NoNeed | AM53: NoNeed | AN53: 0 | AP53: NoNeed | AQ53: No QTY | AR53: NO Supplier | AS53: New | AT53: =_xlfn.XLOOKUP(B53,'SWiSH Demand Forecast Sep-26'!D:D,'SWiSH Demand Forecast Sep-26'!G:G,"Not Exist") -> Not Exist
A54: 106800364 | B54: Mishmash Check list Sticker 4 x 6cm | C54: Each | D54: Slow-Moving | E54: MM | F54: PAK | G54: Al MANSOUR WAREHOUSE (PNFDC) | H54: Sticker | I54: DRY-NON FOOD | J54: Each | K54: 0.01 | L54: 0 | M54: 7 | N54: 0 | O54: 0 | P54: 0 | Q54: 0 | R54: 0.01 | S54: 46167 | T54: 46187 | U54: 0 | V54: 68450 | W54: 0 | X54: 0 | Y54: 0 | Z54: 68450 | AA54: 17112.5 | AB54: 0 | AC54: 4 | AD54: 0 | AE54: 46248 | AF54: 46256 | AG54: 46263 | AH54: 0 | AI54: 0 | AL54: OnDemand | AM54: OnDemand | AN54: 0 | AP54: OnDemand | AQ54: No QTY | AR54: NO Supplier | AT54: =_xlfn.XLOOKUP(B54,'SWiSH Demand Forecast Sep-26'!D:D,'SWiSH Demand Forecast Sep-26'!G:G,"Not Exist") -> Not Exist
A55: 106800370 | B55: Sticker Mishmash New 4.5 CM | C55: Each | D55: Slow-Moving | E55: MM | F55: PAK | G55: Al MANSOUR WAREHOUSE (PNFDC) | H55: Sticker | I55: DRY-NON FOOD | J55: Each | K55: 0.011 | L55: 0 | M55: 7 | N55: 0 | O55: 0 | P55: 0 | Q55: 0 | R55: 0.011 | S55: 46166 | T55: 46227 | U55: 0 | V55: 5000 | W55: 0 | X55: 0 | Y55: 0 | Z55: 5000 | AA55: 1250 | AB55: 0 | AC55: 4 | AD55: 0 | AE55: 46248 | AF55: 46256 | AG55: 46263 | AH55: 0 | AI55: 0 | AL55: OnDemand | AM55: OnDemand | AN55: 0 | AP55: OnDemand | AQ55: No QTY | AR55: NO Supplier | AT55: =_xlfn.XLOOKUP(B55,'SWiSH Demand Forecast Sep-26'!D:D,'SWiSH Demand Forecast Sep-26'!G:G,"Not Exist") -> Not Exist
A56: 107200015 | B56: BBT Black Basic Cap | C56: Each | D56: To Be Deactivated | E56: BBT | F56: UNI | G56: Warehouse ETC Al Mansour | H56: Uniform | I56: DRY-NON FOOD | J56: Each | K56: 1.75 | L56: 0 | M56: 15 | N56: 0 | O56: 0 | P56: 0 | Q56: 0 | R56: 1.75 | S56: 46127 | T56: 46135 | U56: 6 | V56: 0 | W56: 0 | X56: 0 | Y56: 0 | Z56: 6 | AA56: 1.5 | AB56: 0 | AC56: 4 | AD56: 0 | AE56: 46248 | AF56: 46256 | AG56: 46263 | AH56: 0 | AI56: 0 | AL56: NoNeed | AM56: NoNeed | AN56: 0 | AP56: NoNeed | AQ56: No QTY | AR56: NO Supplier | AT56: =_xlfn.XLOOKUP(B56,'SWiSH Demand Forecast Sep-26'!D:D,'SWiSH Demand Forecast Sep-26'!G:G,"Not Exist") -> Not Exist
A57: 104200068 | B57: Teflon Sheet 10mm - 30cm*10mtr | C57: Each | D57: To Be Deactivated | E57: BBT | F57: CON | G57: Warehouse Non Moving items | H57: Kit/Consumable | I57: DRY-NON FOOD | J57: Each | K57: 50 | L57: 0 | M57: 30 | N57: 0 | O57: 0 | P57: 0 | Q57: 0 | R57: 50 | S57: 46121 | T57: 46132 | U57: 13 | V57: 0 | W57: 0 | X57: 0 | Y57: 0 | Z57: 13 | AA57: 3.25 | AB57: 0 | AC57: 4 | AD57: 0 | AE57: 46248 | AF57: 46256 | AG57: 46263 | AH57: 0 | AI57: 0 | AL57: NoNeed | AM57: NoNeed | AN57: 0 | AP57: NoNeed | AQ57: No QTY | AR57: NO Supplier | AT57: =_xlfn.XLOOKUP(B57,'SWiSH Demand Forecast Sep-26'!D:D,'SWiSH Demand Forecast Sep-26'!G:G,"Not Exist") -> Not Exist
A58: 101400061 | B58: Suma D12 | C58: Liter | D58: To Be Deactivated | E58: BBT, Chili, pp, Shakir, Slice, CPU, Just C , HO, LB | F58: CLN | G58: Al MANSOUR WAREHOUSE (PNFDC) | H58: Cleaning Material | I58: DRY-NON FOOD | J58: Galon 5 Liter | K58: 0.9 | L58: 0 | M58: 3 | N58: 0 | O58: 0 | P58: 0 | Q58: 0 | R58: 18 | S58: 46162 | T58: 46198 | U58: 1850 | V58: 2170 | W58: 780 | X58: 0 | Y58: 0 | Z58: 2170 | AA58: 1200 | AB58: 0 | AC58: 1.8083333 | AD58: 0 | AE58: 46248 | AF58: 46256 | AG58: 46263 | AH58: 0 | AI58: 0 | AL58: NoNeed | AM58: NoNeed | AN58: 0 | AP58: NoNeed | AQ58: No QTY | AR58: NO Supplier | AT58: =_xlfn.XLOOKUP(B58,'SWiSH Demand Forecast Sep-26'!D:D,'SWiSH Demand Forecast Sep-26'!G:G,"Not Exist") -> Not Exist
A59: 107200116 | B59: T-Shirt Chili Pepper Round Neck | C59: Each | D59: Active | E59: Chili | F59: UNI | G59: Al MANSOUR WAREHOUSE (PNFDC) | H59: Uniform | I59: DRY-NON FOOD | J59: Each | K59: 2.5 | L59: 0 | M59: 15 | N59: 0 | O59: 0 | P59: 0 | Q59: 0 | R59: 2.5 | S59: 45792 | T59: 46137 | U59: 15 | V59: 0 | W59: 0 | X59: 0 | Y59: 0 | Z59: 15 | AA59: 3.75 | AB59: 0 | AC59: 4 | AD59: 0 | AE59: 46248 | AF59: 46256 | AG59: 46263 | AH59: 0 | AI59: 0 | AL59: OnDemand | AM59: OnDemand | AN59: 0 | AP59: OnDemand | AQ59: No QTY | AR59: NO Supplier | AT59: =_xlfn.XLOOKUP(B59,'SWiSH Demand Forecast Sep-26'!D:D,'SWiSH Demand Forecast Sep-26'!G:G,"Not Exist") -> Not Exist
A60: 107200161 | B60: T-Shirt Round Neck Red H/S - BBT | C60: Each | D60: Non-Moving | E60: BBT | F60: UNI | G60: Al MANSOUR WAREHOUSE (PNFDC) | H60: Uniform | I60: DRY-NON FOOD | J60: Each | K60: 3 | L60: 0 | M60: 15 | N60: 0 | O60: 0 | P60: 0 | Q60: 0 | R60: 3 | S60: 46202 | T60: 46203 | U60: 49 | V60: 0 | W60: 12 | X60: 0 | Y60: 0 | Z60: 49 | AA60: 15.25 | AB60: 0 | AC60: 3.2131148 | AD60: 0 | AE60: 46248 | AF60: 46256 | AG60: 46263 | AH60: 0 | AI60: 0 | AL60: OnDemand | AM60: OnDemand | AN60: 0 | AP60: OnDemand | AQ60: No QTY | AR60: NO Supplier | AT60: =_xlfn.XLOOKUP(B60,'SWiSH Demand Forecast Sep-26'!D:D,'SWiSH Demand Forecast Sep-26'!G:G,"Not Exist") -> Not Exist
A61: 106700114 | B61: Toner Black Konica Minolta C360I | C61: Each | D61: Non-Moving | E61: HO | F61: STA | G61: Warehouse Common Al Mansour | H61: Stationary | I61: DRY-NON FOOD | J61: Each | K61: 25 | L61: 0 | M61: 3 | N61: 0 | O61: 0 | P61: 0 | Q61: 0 | R61: 25 | S61: 46118 | T61: 46118 | U61: 3 | V61: 0 | W61: 0 | X61: 0 | Y61: 0 | Z61: 3 | AA61: 0.75 | AB61: 0 | AC61: 4 | AD61: 0 | AE61: 46248 | AF61: 46256 | AG61: 46263 | AH61: 0 | AI61: 0 | AL61: OnDemand | AM61: OnDemand | AN61: 0 | AP61: OnDemand | AQ61: No QTY | AR61: NO Supplier | AT61: =_xlfn.XLOOKUP(B61,'SWiSH Demand Forecast Sep-26'!D:D,'SWiSH Demand Forecast Sep-26'!G:G,"Not Exist") -> Not Exist
A62: 106700115 | B62: Toner Cyan Konica Minolta C360I | C62: Each | D62: Non-Moving | E62: HO | F62: STA | G62: Warehouse Common Al Mansour | H62: Stationary | I62: DRY-NON FOOD | J62: Each | K62: 31 | L62: 0 | M62: 3 | N62: 0 | O62: 0 | P62: 0 | Q62: 0 | R62: 31 | S62: 46118 | T62: 46118 | U62: 2 | V62: 0 | W62: 0 | X62: 0 | Y62: 0 | Z62: 2 | AA62: 0.5 | AB62: 0 | AC62: 4 | AD62: 0 | AE62: 46248 | AF62: 46256 | AG62: 46263 | AH62: 0 | AI62: 0 | AL62: OnDemand | AM62: OnDemand | AN62: 0 | AP62: OnDemand | AQ62: No QTY | AR62: NO Supplier | AT62: =_xlfn.XLOOKUP(B62,'SWiSH Demand Forecast Sep-26'!D:D,'SWiSH Demand Forecast Sep-26'!G:G,"Not Exist") -> Not Exist
A63: 106700116 | B63: Toner Magenta Konica Minolta C360I | C63: Each | D63: Non-Moving | E63: HO | F63: STA | G63: Warehouse Common Al Mansour | H63: Stationary | I63: DRY-NON FOOD | J63: Each | K63: 31 | L63: 0 | M63: 3 | N63: 0 | O63: 0 | P63: 0 | Q63: 0 | R63: 31 | S63: 46118 | T63: 46118 | U63: 2 | V63: 0 | W63: 0 | X63: 0 | Y63: 0 | Z63: 2 | AA63: 0.5 | AB63: 0 | AC63: 4 | AD63: 0 | AE63: 46248 | AF63: 46256 | AG63: 46263 | AH63: 0 | AI63: 0 | AL63: OnDemand | AM63: OnDemand | AN63: 0 | AP63: OnDemand | AQ63: No QTY | AR63: NO Supplier | AT63: =_xlfn.XLOOKUP(B63,'SWiSH Demand Forecast Sep-26'!D:D,'SWiSH Demand Forecast Sep-26'!G:G,"Not Exist") -> Not Exist
A64: 106700117 | B64: Toner Yellow Konica Minolta C360I | C64: Each | D64: Non-Moving | E64: HO | F64: STA | G64: Warehouse Common Al Mansour | H64: Stationary | I64: DRY-NON FOOD | J64: Each | K64: 31 | L64: 0 | M64: 3 | N64: 0 | O64: 0 | P64: 0 | Q64: 0 | R64: 31 | S64: 46118 | T64: 46118 | U64: 2 | V64: 0 | W64: 0 | X64: 0 | Y64: 0 | Z64: 2 | AA64: 0.5 | AB64: 0 | AC64: 4 | AD64: 0 | AE64: 46248 | AF64: 46256 | AG64: 46263 | AH64: 0 | AI64: 0 | AL64: OnDemand | AM64: OnDemand | AN64: 0 | AP64: OnDemand | AQ64: No QTY | AR64: NO Supplier | AT64: =_xlfn.XLOOKUP(B64,'SWiSH Demand Forecast Sep-26'!D:D,'SWiSH Demand Forecast Sep-26'!G:G,"Not Exist") -> Not Exist
A65: 103200002 | B65: Frozen Raspberry | C65: Kilogram | D65: Slow-Moving | E65: Shakir | F65: FRZ FOD | G65: Warehouse FM | H65: Frozen Fruits | I65: FROZEN FOOD | J65: CTN 12 Packet 600 gm | K65: 4.1666667 | L65: 0 | M65: 3 | N65: 0 | O65: 0 | P65: 0 | Q65: 0 | R65: 30 | S65: 46025 | T65: 46218 | U65: 0 | V65: 1.2 | W65: 6.6 | X65: 1.2 | Y65: 0 | Z65: 6.6 | AA65: 2.25 | AB65: 0 | AC65: 2.9333333 | AD65: 0 | AE65: 46248 | AF65: 46256 | AG65: 46263 | AH65: 0 | AI65: 0 | AL65: 30 | AM65: 15 | AN65: 0 | AO65: 0 | AP65: 1 | AQ65: No QTY | AR65: NO Supplier | AT65: =_xlfn.XLOOKUP(B65,'SWiSH Demand Forecast Sep-26'!D:D,'SWiSH Demand Forecast Sep-26'!G:G,"Not Exist") -> Not Exist
A66: 107200065 | B66: Dough Cloth 40*60 cm | C66: Each | D66: Non-Moving | E66: #N/A | F66: CLN | G66: Warehouse ETC Al Mansour | H66: Uniform | I66: DRY-NON FOOD | J66: Each | K66: 1.5 | L66: 0 | M66: 15 | N66: 0 | O66: 0 | P66: 0 | Q66: 0 | R66: 1.5 | S66: 46127 | T66: 46131 | U66: 50 | V66: 0 | W66: 0 | X66: 0 | Y66: 0 | Z66: 50 | AA66: 12.5 | AB66: 0 | AC66: 4 | AD66: 0 | AE66: 46248 | AF66: 46256 | AG66: 46263 | AH66: 0 | AI66: 0 | AL66: OnDemand | AM66: OnDemand | AN66: 0 | AP66: OnDemand | AQ66: No QTY | AR66: NO Supplier | AT66: =_xlfn.XLOOKUP(B66,'SWiSH Demand Forecast Sep-26'!D:D,'SWiSH Demand Forecast Sep-26'!G:G,"Not Exist") -> Not Exist
A67: 107200082 | B67: Mishmash Manager Mouve Shirt | C67: Each | D67: Active | E67: MM | F67: UNI | G67: Al MANSOUR WAREHOUSE (PNFDC) | H67: Uniform | I67: DRY-NON FOOD | J67: Each | K67: 4 | L67: 0 | M67: 7 | N67: 0 | O67: 0 | P67: 0 | Q67: 0 | R67: 4 | S67: 46145 | T67: 46184 | U67: 0 | V67: 46 | W67: 0 | X67: 0 | Y67: 0 | Z67: 46 | AA67: 11.5 | AB67: 0 | AC67: 4 | AD67: 0 | AE67: 46248 | AF67: 46256 | AG67: 46263 | AH67: 0 | AI67: 0 | AL67: OnDemand | AM67: OnDemand | AN67: 0 | AP67: OnDemand | AQ67: No QTY | AR67: NO Supplier | AT67: =_xlfn.XLOOKUP(B67,'SWiSH Demand Forecast Sep-26'!D:D,'SWiSH Demand Forecast Sep-26'!G:G,"Not Exist") -> Not Exist
A68: 104900018 | B68: Tabel Towelette Wipes | C68: Each | D68: To Be Deactivated | E68: Tabel | F68: PAK | G68: Al MANSOUR WAREHOUSE (PNFDC) | H68: Napkin | I68: DRY-NON FOOD | J68: Each | K68: 0.0075 | L68: 0 | M68: 3 | N68: 0 | O68: 0 | P68: 0 | Q68: 0 | R68: 7.5 | S68: 46237 | T68: 46237 | U68: 2000 | V68: 3000 | W68: 8000 | X68: 0 | Y68: 0 | Z68: 8000 | AA68: 3250 | AB68: 0 | AC68: 2.4615385 | AD68: 0 | AE68: 46248 | AF68: 46256 | AG68: 46263 | AH68: 5000 | AI68: 0.64655172 | AJ68: 0 | AK68: 46263 | AL68: NoNeed | AM68: NoNeed | AN68: 0 | AP68: NoNeed | AQ68: No QTY | AR68: NO Supplier | AT68: =_xlfn.XLOOKUP(B68,'SWiSH Demand Forecast Sep-26'!D:D,'SWiSH Demand Forecast Sep-26'!G:G,"Not Exist") -> Not Exist
A69: 105900046 | B69: Aluminium Foil Shakir Tahina | C69: Each | D69: Active | E69: CPU | F69: PAK | G69: Al MANSOUR WAREHOUSE (PNFDC) | H69: Printed Foils | I69: DRY-NON FOOD | J69: Packet 1000 PCS | K69: 0.004144 | L69: 0 | M69: 90 | N69: 0 | O69: 0 | P69: 0 | Q69: 0 | R69: 4.144 | S69: 46082 | T69: 46254 | U69: 20000 | V69: 20900 | W69: 3400 | X69: 0 | Y69: 0 | Z69: 20900 | AA69: 11075 | AB69: 0 | AC69: 1.8871332 | AD69: 0 | AE69: 46248 | AF69: 46256 | AG69: 46263 | AH69: 0 | AI69: 0 | AL69: 120 | AM69: 100 | AN69: 0 | AO69: 0 | AP69: 1 | AQ69: No QTY | AR69: NO Supplier | AT69: =_xlfn.XLOOKUP(B69,'SWiSH Demand Forecast Sep-26'!D:D,'SWiSH Demand Forecast Sep-26'!G:G,"Not Exist") -> 11836
A70: 107200027 | B70: Black Cap with Logo FM | C70: Each | D70: Non-Moving | E70: FM | F70: UNI | G70: Warehouse FM | H70: Uniform | I70: DRY-NON FOOD | J70: Each | K70: 1.75 | L70: 0 | M70: 15 | N70: 0 | O70: 0 | P70: 0 | Q70: 0 | R70: 1.75 | S70: 45615 | T70: 46201 | U70: 0 | V70: 3 | W70: 3 | X70: 0 | Y70: 0 | Z70: 3 | AA70: 1.5 | AB70: 0 | AC70: 2 | AD70: 0 | AE70: 46248 | AF70: 46256 | AG70: 46263 | AH70: 0 | AI70: 0 | AL70: OnDemand | AM70: OnDemand | AN70: 0 | AP70: OnDemand | AQ70: No QTY | AR70: NO Supplier | AT70: =_xlfn.XLOOKUP(B70,'SWiSH Demand Forecast Sep-26'!D:D,'SWiSH Demand Forecast Sep-26'!G:G,"Not Exist") -> Not Exist
A71: 106401137 | B71: Spinach & chesse 11 INCH (PA) | C71: Each | D71: Active | E71: Yelo COOP | F71: YCOOP | G71: Al MANSOUR WAREHOUSE (PNFDC) | H71: Semi Finished | I71: FROZEN FOOD | J71: #N/A | K71: 0.51539454 | L71: 0.51539454 | M71: 15 | N71: 0 | O71: 0 | P71: 1 | Q71: 1 | R71: 0 | S71: 0 | T71: 46212 | U71: 142 | V71: 120 | W71: 48 | X71: 48 | Y71: 48 | Z71: 142 | AA71: 89.5 | AB71: 0.53631285 | AC71: 1.5865922 | AD71: 0 | AE71: 46248 | AF71: 46256 | AG71: 46263 | AH71: 0 | AI71: 0 | AL71: OnDemand | AM71: OnDemand | AN71: 0 | AP71: OnDemand | AQ71: No QTY | AR71: NO Supplier | AT71: =_xlfn.XLOOKUP(B71,'SWiSH Demand Forecast Sep-26'!D:D,'SWiSH Demand Forecast Sep-26'!G:G,"Not Exist") -> Not Exist
A72: 106800334 | B72: Sticker Sealing Foam Box BBT 3*6 CM | C72: Each | D72: To Be Deactivated | E72: BBT | F72: PAK | G72: Al MANSOUR WAREHOUSE (PNFDC) | H72: Sticker | I72: DRY-NON FOOD | J72: Each | K72: 0.00444 | L72: 0 | M72: 7 | N72: 0 | O72: 0 | P72: 0 | Q72: 0 | R72: 0.00444 | S72: 46149 | T72: 46154 | U72: 29000 | V72: 7500 | W72: 0 | X72: 0 | Y72: 0 | Z72: 29000 | AA72: 9125 | AB72: 0 | AC72: 3.1780822 | AD72: 0 | AE72: 46248 | AF72: 46256 | AG72: 46263 | AH72: 0 | AI72: 0 | AL72: OnDemand | AM72: OnDemand | AN72: 0 | AP72: OnDemand | AQ72: No QTY | AR72: NO Supplier | AS72: New | AT72: =_xlfn.XLOOKUP(B72,'SWiSH Demand Forecast Sep-26'!D:D,'SWiSH Demand Forecast Sep-26'!G:G,"Not Exist") -> Not Exist
A73: 101600086 | B73: Foam Container LB2/3 Printed Shakir&BBT | C73: Each | D73: To Be Deactivated | E73: BBt, Shakir | F73: PAK | G73: Al MANSOUR WAREHOUSE (PNFDC) | H73: Container | I73: DRY-NON FOOD | J73: Each | K73: 0.03 | L73: 0 | M73: 15 | N73: 0 | O73: 0 | P73: 0 | Q73: 0 | R73: 3 | S73: 46128 | T73: 46218 | U73: 38700 | V73: 9900 | W73: 5700 | X73: 3600 | Y73: 3600 | Z73: 38700 | AA73: 14475 | AB73: 0.24870466 | AC73: 2.6735751 | AD73: 0 | AE73: 46248 | AF73: 46256 | AG73: 46263 | AH73: 0 | AI73: 0 | AL73: NoNeed | AM73: NoNeed | AN73: 0 | AP73: NoNeed | AQ73: No QTY | AR73: NO Supplier | AS73: New | AT73: =_xlfn.XLOOKUP(B73,'SWiSH Demand Forecast Sep-26'!D:D,'SWiSH Demand Forecast Sep-26'!G:G,"Not Exist") -> Not Exist
A74: 106700044 | B74: Envelope A4 - Swish | C74: Each | D74: Non-Moving | E74: HO | F74: STA | G74: Warehouse Non Moving items | H74: Stationary | I74: DRY-NON FOOD | J74: Each | K74: 0.04 | L74: 0 | M74: 3 | N74: 0 | O74: 0 | P74: 0 | Q74: 0 | R74: 0.04 | S74: 44416 | T74: 46148 | U74: 0 | V74: 1700 | W74: 0 | X74: 0 | Y74: 0 | Z74: 1700 | AA74: 425 | AB74: 0 | AC74: 4 | AD74: 0 | AE74: 46248 | AF74: 46256 | AG74: 46263 | AH74: 0 | AI74: 0 | AL74: OnDemand | AM74: OnDemand | AN74: 0 | AP74: OnDemand | AQ74: No QTY | AR74: NO Supplier | AT74: =_xlfn.XLOOKUP(B74,'SWiSH Demand Forecast Sep-26'!D:D,'SWiSH Demand Forecast Sep-26'!G:G,"Not Exist") -> Not Exist
A75: 106700092 | B75: Sealing Tape Dispenser - sh | C75: Each | D75: Non-Moving | E75: HO | F75: STA | G75: Warehouse Non Moving items | H75: Stationary | I75: DRY-NON FOOD | J75: Each | K75: 17.5 | L75: 0 | M75: 7 | N75: 0 | O75: 0 | P75: 0 | Q75: 0 | R75: 17.5 | S75: 43844 | T75: 46173 | U75: 0 | V75: 4 | W75: 0 | X75: 0 | Y75: 0 | Z75: 4 | AA75: 1 | AB75: 0 | AC75: 4 | AD75: 0 | AE75: 46248 | AF75: 46256 | AG75: 46263 | AH75: 0 | AI75: 0 | AL75: OnDemand | AM75: OnDemand | AN75: 0 | AP75: OnDemand | AQ75: No QTY | AR75: NO Supplier | AT75: =_xlfn.XLOOKUP(B75,'SWiSH Demand Forecast Sep-26'!D:D,'SWiSH Demand Forecast Sep-26'!G:G,"Not Exist") -> Not Exist
A76: 105900004 | B76: Aluminium Big Foil Cool Ranch 4.23oz | C76: Each | D76: Active | E76: CPU | F76: PAK | G76: Al MANSOUR WAREHOUSE (PNFDC) | H76: Printed Foils | I76: DRY-NON FOOD | J76: Packet 1000 PCS | K76: 0.005203 | L76: 0 | M76: 90 | N76: 0 | O76: 0 | P76: 0 | Q76: 0 | R76: 5.203 | S76: 46082 | T76: 46261 | U76: 9100 | V76: 11900 | W76: 10200 | X76: 1700 | Y76: 1700 | Z76: 11900 | AA76: 8225 | AB76: 0.20668693 | AC76: 1.4468085 | AD76: 0 | AE76: 46248 | AF76: 46256 | AG76: 46263 | AH76: 0 | AI76: 0 | AL76: 120 | AM76: 100 | AN76: 0 | AO76: 0 | AP76: 1 | AQ76: No QTY | AR76: NO Supplier | AT76: =_xlfn.XLOOKUP(B76,'SWiSH Demand Forecast Sep-26'!D:D,'SWiSH Demand Forecast Sep-26'!G:G,"Not Exist") -> 19186
A77: 107200209 | B77: Lab Coat - CPU | C77: Each | D77: Active | E77: CPU | F77: UNI | G77: Al MANSOUR WAREHOUSE (PNFDC) | H77: Uniform | I77: DRY-NON FOOD | J77: Each | K77: 5.75 | L77: 0 | M77: 7 | N77: 0 | O77: 0 | P77: 0 | Q77: 0 | R77: 5.75 | S77: 46190 | T77: 46196 | U77: 6 | V77: 0 | W77: 3 | X77: 0 | Y77: 0 | Z77: 6 | AA77: 2.25 | AB77: 0 | AC77: 2.6666667 | AD77: 0 | AE77: 46248 | AF77: 46256 | AG77: 46263 | AH77: 0 | AI77: 0 | AL77: OnDemand | AM77: OnDemand | AN77: 0 | AP77: OnDemand | AQ77: 3 | AR77: Design Stores | AS77: New | AT77: =_xlfn.XLOOKUP(B77,'SWiSH Demand Forecast Sep-26'!D:D,'SWiSH Demand Forecast Sep-26'!G:G,"Not Exist") -> Not Exist
A78: 106800354 | B78: Sticker FM Whimsical Kinder10.7*5.5 CM | C78: Each | D78: To Be Deactivated | E78: FM | F78: PAK | G78: Al MANSOUR WAREHOUSE (PNFDC) | H78: Sticker | I78: DRY-NON FOOD | J78: Each | K78: 0.0133 | L78: 0 | M78: 7 | N78: 0 | O78: 0 | P78: 0 | Q78: 0 | R78: 0.0133 | S78: 46149 | T78: 46181 | U78: 0 | V78: 1000 | W78: 500 | X78: 0 | Y78: 0 | Z78: 1000 | AA78: 375 | AB78: 0 | AC78: 2.6666667 | AD78: 0 | AE78: 46248 | AF78: 46256 | AG78: 46263 | AH78: 0 | AI78: 0 | AL78: NoNeed | AM78: NoNeed | AN78: 0 | AP78: NoNeed | AQ78: No QTY | AR78: NO Supplier | AS78: New | AT78: =_xlfn.XLOOKUP(B78,'SWiSH Demand Forecast Sep-26'!D:D,'SWiSH Demand Forecast Sep-26'!G:G,"Not Exist") -> Not Exist
A79: 106800355 | B79: Sticker FMFantastic Lotus 10.7*5.5 CM | C79: Each | D79: To Be Deactivated | E79: FM | F79: PAK | G79: Al MANSOUR WAREHOUSE (PNFDC) | H79: Sticker | I79: DRY-NON FOOD | J79: Each | K79: 0.0133 | L79: 0 | M79: 7 | N79: 0 | O79: 0 | P79: 0 | Q79: 0 | R79: 0.0133 | S79: 46149 | T79: 46151 | U79: 0 | V79: 1000 | W79: 0 | X79: 0 | Y79: 0 | Z79: 1000 | AA79: 250 | AB79: 0 | AC79: 4 | AD79: 0 | AE79: 46248 | AF79: 46256 | AG79: 46263 | AH79: 0 | AI79: 0 | AL79: OnDemand | AM79: OnDemand | AN79: 0 | AP79: OnDemand | AQ79: No QTY | AR79: NO Supplier | AS79: New | AT79: =_xlfn.XLOOKUP(B79,'SWiSH Demand Forecast Sep-26'!D:D,'SWiSH Demand Forecast Sep-26'!G:G,"Not Exist") -> Not Exist
A80: 107200057 | B80: Cover All Marron - PP | C80: Each | D80: Active | E80: pp | F80: UNI | G80: Al MANSOUR WAREHOUSE (PNFDC) | H80: Uniform | I80: DRY-NON FOOD | J80: Each | K80: 9.5 | L80: 0 | M80: 15 | N80: 0 | O80: 0 | P80: 0 | Q80: 0 | R80: 9.5 | S80: 46011 | T80: 46212 | U80: 3 | V80: 0 | W80: 0 | X80: 11 | Y80: 0 | Z80: 11 | AA80: 3.5 | AB80: 0 | AC80: 3.1428571 | AD80: 0 | AE80: 46248 | AF80: 46256 | AG80: 46263 | AH80: 0 | AI80: 0 | AL80: OnDemand | AM80: OnDemand | AN80: 0 | AP80: OnDemand | AQ80: No QTY | AR80: NO Supplier | AT80: =_xlfn.XLOOKUP(B80,'SWiSH Demand Forecast Sep-26'!D:D,'SWiSH Demand Forecast Sep-26'!G:G,"Not Exist") -> Not Exist
A81: 107200104 | B81: Red Caps Shakir With Logo | C81: Each | D81: Active | E81: Shakir | F81: UNI | G81: Al MANSOUR WAREHOUSE (PNFDC) | H81: Uniform | I81: DRY-NON FOOD | J81: Each | K81: 1.2512392 | L81: 0 | M81: 15 | N81: 0 | O81: 0 | P81: 0 | Q81: 0 | R81: 1.25 | S81: 46092 | T81: 46211 | U81: 0 | V81: 0 | W81: 8 | X81: 770 | Y81: 0 | Z81: 770 | AA81: 194.5 | AB81: 0 | AC81: 3.9588689 | AD81: 0 | AE81: 46248 | AF81: 46256 | AG81: 46263 | AH81: 0 | AI81: 0 | AL81: OnDemand | AM81: OnDemand | AN81: 0 | AP81: OnDemand | AQ81: No QTY | AR81: NO Supplier | AT81: =_xlfn.XLOOKUP(B81,'SWiSH Demand Forecast Sep-26'!D:D,'SWiSH Demand Forecast Sep-26'!G:G,"Not Exist") -> Not Exist
A82: 107200103 | B82: Red Cap For BBT | C82: Each | D82: Active | E82: BBT | F82: UNI | G82: Al MANSOUR WAREHOUSE (PNFDC) | H82: Uniform | I82: DRY-NON FOOD | J82: Each | K82: 2.50585 | L82: 0 | M82: 15 | N82: 0 | O82: 0 | P82: 0 | Q82: 0 | R82: 2.50585 | S82: 45295 | T82: 46227 | U82: 39 | V82: 39 | W82: 50 | X82: 15 | Y82: 15 | Z82: 50 | AA82: 35.75 | AB82: 0.41958042 | AC82: 1.3986014 | AD82: 0 | AE82: 46248 | AF82: 46256 | AG82: 46263 | AH82: 0 | AI82: 0 | AL82: OnDemand | AM82: OnDemand | AN82: 0 | AP82: OnDemand | AQ82: No QTY | AR82: NO Supplier | AT82: =_xlfn.XLOOKUP(B82,'SWiSH Demand Forecast Sep-26'!D:D,'SWiSH Demand Forecast Sep-26'!G:G,"Not Exist") -> Not Exist
A83: 105200014 | B83: Bag W/ Handle Shakir 32x32x17 | C83: Each | D83: To Be Deactivated | E83: Shakir | F83: PAK | G83: Al MANSOUR WAREHOUSE (PNFDC) | H83: Paper Bags | I83: DRY-NON FOOD | J83: Each | K83: 0.038 | L83: 0 | M83: 30 | N83: 0 | O83: 0 | P83: 0 | Q83: 0 | R83: 0.038 | S83: 46139 | T83: 46234 | U83: 22250 | V83: 14220 | W83: 8250 | X83: 8000 | Y83: 8000 | Z83: 22250 | AA83: 13180 | AB83: 0.60698027 | AC83: 1.6881639 | AD83: 0 | AE83: 46248 | AF83: 46256 | AG83: 46263 | AH83: 0 | AI83: 0 | AL83: NoNeed | AM83: NoNeed | AN83: 0 | AP83: NoNeed | AQ83: No QTY | AR83: NO Supplier | AT83: =_xlfn.XLOOKUP(B83,'SWiSH Demand Forecast Sep-26'!D:D,'SWiSH Demand Forecast Sep-26'!G:G,"Not Exist") -> Not Exist
A84: 104800012 | B84: Water Bottle Aquafina 600 ML | C84: Each | D84: To Be Deactivated | E84: Yelo, Tabel, pp, Slice, MM, BBT, CPU, Chili, Stores office, FM, Staff Meal, Shakir, LB, HO | F84: BEV | G84: MAIN WAREHOUSE (FDC) | H84: Mineral Water | I84: DRY-FOOD | J84: CTN 24 PCS | K84: 0.03472208 | L84: 0 | M84: 3 | N84: 0 | O84: 0 | P84: 0 | Q84: 0 | R84: 0.83333 | S84: 46230 | T84: 46252 | U84: 73797 | V84: 78219 | W84: 77208 | X84: 59640 | Y84: 59640 | Z84: 78219 | AA84: 72216 | AB84: 0.82585577 | AC84: 1.0831256 | AD84: 0 | AE84: 46248 | AF84: 46256 | AG84: 46263 | AH84: 0 | AI84: 0 | AL84: NoNeed | AM84: NoNeed | AN84: 0 | AP84: NoNeed | AQ84: No QTY | AR84: United Beverages Company K.S.C.C. / PEPSI, Refreshment Trading Co. | AT84: =_xlfn.XLOOKUP(B84,'SWiSH Demand Forecast Sep-26'!D:D,'SWiSH Demand Forecast Sep-26'!G:G,"Not Exist") -> 5836
A85: 107200126 | B85: T-Shirt Polo H/S Green - Swish | C85: Each | D85: Non-Moving | E85: Stores office, HO | F85: UNI | G85: Warehouse Common Al Mansour | H85: Uniform | I85: DRY-NON FOOD | J85: Each | K85: 3.25 | L85: 0 | M85: 15 | N85: 0 | O85: 0 | P85: 0 | Q85: 0 | R85: 3.25 | S85: 46261 | T85: 46261 | U85: 56 | V85: 0 | W85: 0 | X85: 8 | Y85: 0 | Z85: 56 | AA85: 16 | AB85: 0 | AC85: 3.5 | AD85: 0 | AE85: 46248 | AF85: 46256 | AG85: 46263 | AH85: 6 | AI85: 0.11083744 | AJ85: 0 | AK85: 46263 | AL85: OnDemand | AM85: OnDemand | AN85: 0 | AP85: OnDemand | AQ85: 6 | AR85: Mohamed Taissir Abdou / Altayseer | AT85: =_xlfn.XLOOKUP(B85,'SWiSH Demand Forecast Sep-26'!D:D,'SWiSH Demand Forecast Sep-26'!G:G,"Not Exist") -> Not Exist
A86: 106400400 | B86: FM - Nuggets -Giant WH (PA) | C86: Each | D86: Active | E86: FMCOOP | F86: FMCOOP | G86: MAIN WAREHOUSE (FDC) | H86: Semi Finished | I86: FROZEN FOOD | J86: Each | K86: 9.8897832 | L86: 0 | M86: 3 | N86: 0 | O86: 0 | P86: 0 | Q86: 0 | R86: 0 | S86: 0 | T86: 46158 | U86: 19 | V86: 9 | W86: 1 | X86: 0 | Y86: 0 | Z86: 19 | AA86: 7.25 | AB86: 0 | AC86: 2.6206897 | AD86: 0 | AE86: 46248 | AF86: 46256 | AG86: 46263 | AH86: 0 | AI86: 0 | AL86: OnDemand | AM86: OnDemand | AN86: 0 | AP86: OnDemand | AQ86: No QTY | AR86: NO Supplier | AS86: New | AT86: =_xlfn.XLOOKUP(B86,'SWiSH Demand Forecast Sep-26'!D:D,'SWiSH Demand Forecast Sep-26'!G:G,"Not Exist") -> Not Exist
A87: 107200175 | B87: Tabel Kitchen Pant | C87: Each | D87: Super Slow-Moving | E87: Tabel | F87: UNI | G87: MAIN WAREHOUSE (FDC) | H87: Uniform | I87: DRY-NON FOOD | J87: Each | K87: 4.75 | L87: 0 | M87: 15 | N87: 0 | O87: 0 | P87: 0 | Q87: 0 | R87: 4.75 | S87: 46222 | T87: 46225 | U87: 20 | V87: 0 | W87: 42 | X87: 18 | Y87: 0 | Z87: 42 | AA87: 20 | AB87: 0 | AC87: 2.1 | AD87: 0 | AE87: 46248 | AF87: 46256 | AG87: 46263 | AH87: 0 | AI87: 0 | AL87: OnDemand | AM87: OnDemand | AN87: 0 | AP87: OnDemand | AQ87: No QTY | AR87: NO Supplier | AT87: =_xlfn.XLOOKUP(B87,'SWiSH Demand Forecast Sep-26'!D:D,'SWiSH Demand Forecast Sep-26'!G:G,"Not Exist") -> Not Exist
A88: 106400384 | B88: FM - Air Baked Fries WH (PA) | C88: Each | D88: Active | E88: FMCOOP | F88: FMCOOP | G88: MAIN WAREHOUSE (FDC) | H88: Semi Finished | I88: FROZEN FOOD | J88: Each | K88: 5.6394152 | L88: 0 | M88: 3 | N88: 0 | O88: 0 | P88: 0 | Q88: 0 | R88: 0 | S88: 0 | T88: 46158 | U88: 10 | V88: 4 | W88: 0.5 | X88: 0 | Y88: 0 | Z88: 10 | AA88: 3.625 | AB88: 0 | AC88: 2.7586207 | AD88: 0 | AE88: 46248 | AF88: 46256 | AG88: 46263 | AH88: 0 | AI88: 0 | AL88: OnDemand | AM88: OnDemand | AN88: 0 | AP88: OnDemand | AQ88: No QTY | AR88: NO Supplier | AS88: New | AT88: =_xlfn.XLOOKUP(B88,'SWiSH Demand Forecast Sep-26'!D:D,'SWiSH Demand Forecast Sep-26'!G:G,"Not Exist") -> Not Exist
A89: 107200130 | B89: T-Shirt Polo H/S Red Shakir | C89: Each | D89: Super Slow-Moving | E89: Shakir | F89: UNI | G89: Al MANSOUR WAREHOUSE (PNFDC) | H89: Uniform | I89: DRY-NON FOOD | J89: Each | K89: 2.75 | L89: 0 | M89: 15 | N89: 0 | O89: 0 | P89: 0 | Q89: 0 | R89: 2.75 | S89: 45827 | T89: 46119 | U89: 5 | V89: 0 | W89: 0 | X89: 0 | Y89: 0 | Z89: 5 | AA89: 1.25 | AB89: 0 | AC89: 4 | AD89: 0 | AE89: 46248 | AF89: 46256 | AG89: 46263 | AH89: 0 | AI89: 0 | AL89: OnDemand | AM89: OnDemand | AN89: 0 | AP89: OnDemand | AQ89: No QTY | AR89: NO Supplier | AT89: =_xlfn.XLOOKUP(B89,'SWiSH Demand Forecast Sep-26'!D:D,'SWiSH Demand Forecast Sep-26'!G:G,"Not Exist") -> Not Exist
A90: 106400391 | B90: FM - Fwister tender WH (PA) | C90: Each | D90: Active | E90: FMCOOP | F90: FMCOOP | G90: MAIN WAREHOUSE (FDC) | H90: Semi Finished | I90: FROZEN FOOD | J90: Each | K90: 12.197234 | L90: 0 | M90: 3 | N90: 0 | O90: 0 | P90: 0 | Q90: 0 | R90: 0 | S90: 0 | T90: 46203 | U90: 14 | V90: 6 | W90: 4.5 | X90: 0 | Y90: 0 | Z90: 14 | AA90: 6.125 | AB90: 0 | AC90: 2.2857143 | AD90: 0 | AE90: 46248 | AF90: 46256 | AG90: 46263 | AH90: 0 | AI90: 0 | AL90: OnDemand | AM90: OnDemand | AN90: 0 | AP90: OnDemand | AQ90: No QTY | AR90: NO Supplier | AS90: New | AT90: =_xlfn.XLOOKUP(B90,'SWiSH Demand Forecast Sep-26'!D:D,'SWiSH Demand Forecast Sep-26'!G:G,"Not Exist") -> Not Exist
A91: 100900067 | B91: Pepsi Cola Can | C91: Each | D91: To Be Deactivated | E91: Yelo, pp, Just C , BBT, Slice, Shakir, Chili, CPU | F91: BEV | G91: MAIN WAREHOUSE (FDC) | H91: Carbonated Cans | I91: DRY-FOOD | J91: CTN 30 PCS | K91: 0.08242433 | L91: 0 | M91: 3 | N91: 0 | O91: 0 | P91: 0 | Q91: 0 | R91: 2.47273 | S91: 46230 | T91: 46254 | U91: 46589 | V91: 53160 | W91: 53482 | X91: 54012 | Y91: 46589 | Z91: 54012 | AA91: 51810.75 | AB91: 0.89921493 | AC91: 1.0424864 | AD91: 0 | AE91: 46248 | AF91: 46256 | AG91: 46263 | AH91: 4 | AI91: 7.6611328e-05 | AJ91: 0 | AK91: 46263 | AL91: NoNeed | AM91: NoNeed | AN91: 0 | AP91: NoNeed | AQ91: No QTY | AR91: Refreshment Trading Co. | AT91: =_xlfn.XLOOKUP(B91,'SWiSH Demand Forecast Sep-26'!D:D,'SWiSH Demand Forecast Sep-26'!G:G,"Not Exist") -> 11463
A92: 104600198 | B92: Yelo Yellow cap | C92: Each | D92: Active | E92: Yelo | F92: UNI | G92: Al MANSOUR WAREHOUSE (PNFDC) | H92: Uniform | I92: DRY-NON FOOD | J92: Each | K92: 1.75 | L92: 0 | M92: 7 | N92: 0 | O92: 0 | P92: 0 | Q92: 0 | R92: 1.75 | S92: 46209 | T92: 46209 | U92: 0 | V92: 0 | W92: 0 | X92: 4 | Y92: 0 | Z92: 4 | AA92: 1 | AB92: 0 | AC92: 4 | AD92: 0 | AE92: 46248 | AF92: 46256 | AG92: 46263 | AH92: 0 | AI92: 0 | AL92: OnDemand | AM92: OnDemand | AN92: 0 | AP92: OnDemand | AQ92: No QTY | AR92: NO Supplier | AT92: =_xlfn.XLOOKUP(B92,'SWiSH Demand Forecast Sep-26'!D:D,'SWiSH Demand Forecast Sep-26'!G:G,"Not Exist") -> Not Exist
A93: 107200211 | B93: Black Trouser CPU | C93: Each | D93: Active | E93: CPU | F93: UNI | G93: Al MANSOUR WAREHOUSE (PNFDC) | H93: Uniform | I93: DRY-NON FOOD | J93: Each | K93: 3.5 | L93: 0 | M93: 7 | N93: 0 | O93: 0 | P93: 0 | Q93: 0 | R93: 3.5 | S93: 46190 | T93: 46196 | U93: 0 | V93: 0 | W93: 90 | X93: 0 | Y93: 0 | Z93: 90 | AA93: 22.5 | AB93: 0 | AC93: 4 | AD93: 0 | AE93: 46248 | AF93: 46256 | AG93: 46263 | AH93: 0 | AI93: 0 | AL93: OnDemand | AM93: OnDemand | AN93: 0 | AP93: OnDemand | AQ93: No QTY | AR93: NO Supplier | AT93: =_xlfn.XLOOKUP(B93,'SWiSH Demand Forecast Sep-26'!D:D,'SWiSH Demand Forecast Sep-26'!G:G,"Not Exist") -> Not Exist
A94: 106800377 | B94: Sticker for World Cup BBT 3.5 cm LTO | C94: Each | D94: To Be Deactivated | E94: BBT | F94: PAK | G94: Al MANSOUR WAREHOUSE (PNFDC) | H94: Sticker | I94: DRY-NON FOOD | J94: Each | K94: 0.00423 | L94: 0 | M94: 7 | N94: 0 | O94: 0 | P94: 0 | Q94: 0 | R94: 0.00423 | S94: 46187 | T94: 46237 | U94: 0 | V94: 0 | W94: 26000 | X94: 0 | Y94: 0 | Z94: 26000 | AA94: 6500 | AB94: 0 | AC94: 4 | AD94: 0 | AE94: 46248 | AF94: 46256 | AG94: 46263 | AH94: 0 | AI94: 0 | AL94: OnDemand | AM94: OnDemand | AN94: 0 | AP94: OnDemand | AQ94: No QTY | AR94: NO Supplier | AT94: =_xlfn.XLOOKUP(B94,'SWiSH Demand Forecast Sep-26'!D:D,'SWiSH Demand Forecast Sep-26'!G:G,"Not Exist") -> Not Exist
A95: 100900063 | B95: Mountain Dew Can | C95: Each | D95: To Be Deactivated | E95: Yelo, pp, BBT, Slice, Chili, Just C , Shakir, CPU | F95: BEV | G95: MAIN WAREHOUSE (FDC) | H95: Carbonated Cans | I95: DRY-FOOD | J95: Each | K95: 0.08242433 | L95: 0.16484866 | M95: 3 | N95: 0 | O95: 0 | P95: 2 | Q95: 2 | R95: 2.47273 | S95: 46223 | T95: 46239 | U95: 25975 | V95: 28919 | W95: 29578 | X95: 26760 | Y95: 25975 | Z95: 29578 | AA95: 27808 | AB95: 0.93408372 | AC95: 1.0636507 | AD95: 0 | AE95: 46248 | AF95: 46256 | AG95: 46263 | AH95: 0 | AI95: 0 | AL95: NoNeed | AM95: NoNeed | AN95: 0 | AP95: NoNeed | AQ95: No QTY | AR95: United Beverages Company K.S.C.C. / PEPSI | AT95: =_xlfn.XLOOKUP(B95,'SWiSH Demand Forecast Sep-26'!D:D,'SWiSH Demand Forecast Sep-26'!G:G,"Not Exist") -> 524
A96: 107200210 | B96: Chef Jacket with Logo CPU | C96: Each | D96: Active | E96: CPU | F96: UNI | G96: Al MANSOUR WAREHOUSE (PNFDC) | H96: Uniform | I96: DRY-NON FOOD | J96: Each | K96: 6.75 | L96: 0 | M96: 7 | N96: 0 | O96: 0 | P96: 0 | Q96: 0 | R96: 6.75 | S96: 46190 | T96: 46196 | U96: 0 | V96: 0 | W96: 90 | X96: 0 | Y96: 0 | Z96: 90 | AA96: 22.5 | AB96: 0 | AC96: 4 | AD96: 0 | AE96: 46248 | AF96: 46256 | AG96: 46263 | AH96: 0 | AI96: 0 | AL96: OnDemand | AM96: OnDemand | AN96: 0 | AP96: OnDemand | AQ96: No QTY | AR96: NO Supplier | AT96: =_xlfn.XLOOKUP(B96,'SWiSH Demand Forecast Sep-26'!D:D,'SWiSH Demand Forecast Sep-26'!G:G,"Not Exist") -> Not Exist
A97: 107200215 | B97: T-shirt Polo White Shakir Em - Cashier | C97: Each | D97: Active | E97: Shakir | F97: UNI | G97: Al MANSOUR WAREHOUSE (PNFDC) | H97: Uniform | I97: DRY-NON FOOD | J97: Each | K97: 3.5 | L97: 0 | M97: 7 | N97: 0 | O97: 0 | P97: 0 | Q97: 0 | R97: 3.5 | S97: 46212 | T97: 46220 | U97: 0 | V97: 0 | W97: 69 | X97: 6 | Y97: 0 | Z97: 69 | AA97: 18.75 | AB97: 0 | AC97: 3.68 | AD97: 0 | AE97: 46248 | AF97: 46256 | AG97: 46263 | AH97: 0 | AI97: 0 | AL97: OnDemand | AM97: OnDemand | AN97: 0 | AP97: OnDemand | AQ97: No QTY | AR97: NO Supplier | AT97: =_xlfn.XLOOKUP(B97,'SWiSH Demand Forecast Sep-26'!D:D,'SWiSH Demand Forecast Sep-26'!G:G,"Not Exist") -> Not Exist
A98: 100900005 | B98: Alsi Cola Zero 250ML | C98: Each | D98: To Be Deactivated | E98: Tabel, MM, HO, R&D | F98: BEV | G98: MAIN WAREHOUSE (FDC) | H98: Carbonated Cans | I98: DRY-FOOD | J98: CTN 30 PCS | K98: 0.06805567 | L98: 0 | M98: 3 | N98: 0 | O98: 0 | P98: 0 | Q98: 0 | R98: 2.04167 | S98: 46167 | T98: 46214 | U98: 22980 | V98: 21870 | W98: 810 | X98: 0 | Y98: 0 | Z98: 22980 | AA98: 11415 | AB98: 0 | AC98: 2.0131406 | AD98: 0 | AE98: 46248 | AF98: 46256 | AG98: 46263 | AH98: 0 | AI98: 0 | AL98: NoNeed | AM98: NoNeed | AN98: 0 | AP98: NoNeed | AQ98: No QTY | AR98: NO Supplier | AT98: =_xlfn.XLOOKUP(B98,'SWiSH Demand Forecast Sep-26'!D:D,'SWiSH Demand Forecast Sep-26'!G:G,"Not Exist") -> Not Exist
A99: 107200081 | B99: Mishmash Long Apron | C99: Each | D99: Slow-Moving | E99: MM | F99: UNI | G99: Al MANSOUR WAREHOUSE (PNFDC) | H99: Uniform | I99: DRY-NON FOOD | J99: #N/A | K99: 2.75 | L99: 0 | M99: 7 | N99: 0 | O99: 0 | P99: 0 | Q99: 0 | R99: 2.75 | S99: 46145 | T99: 46152 | U99: 0 | V99: 72 | W99: 0 | X99: 0 | Y99: 0 | Z99: 72 | AA99: 18 | AB99: 0 | AC99: 4 | AD99: 0 | AE99: 46248 | AF99: 46256 | AG99: 46263 | AH99: 0 | AI99: 0 | AL99: OnDemand | AM99: OnDemand | AN99: 0 | AP99: OnDemand | AQ99: No QTY | AR99: NO Supplier | AT99: =_xlfn.XLOOKUP(B99,'SWiSH Demand Forecast Sep-26'!D:D,'SWiSH Demand Forecast Sep-26'!G:G,"Not Exist") -> Not Exist
A100: 107200216 | B100: T-shirt Round Neck Red Shakir Em - BOH | C100: Each | D100: Active | E100: Shakir | F100: UNI | G100: Al MANSOUR WAREHOUSE (PNFDC) | H100: Uniform | I100: DRY-NON FOOD | J100: Each | K100: 2.75 | L100: 0 | M100: 7 | N100: 0 | O100: 0 | P100: 0 | Q100: 0 | R100: 2.75 | S100: 46202 | T100: 46203 | U100: 0 | V100: 0 | W100: 141 | X100: 0 | Y100: 0 | Z100: 141 | AA100: 35.25 | AB100: 0 | AC100: 4 | AD100: 0 | AE100: 46248 | AF100: 46256 | AG100: 46263 | AH100: 0 | AI100: 0 | AL100: OnDemand | AM100: OnDemand | AN100: 0 | AP100: OnDemand | AQ100: No QTY | AR100: NO Supplier | AT100: =_xlfn.XLOOKUP(B100,'SWiSH Demand Forecast Sep-26'!D:D,'SWiSH Demand Forecast Sep-26'!G:G,"Not Exist") -> Not Exist
...
